Sequence_name	AHR::ARNT_1_from_AhR:Arnt_transfac_M00235.mlp	AHR::ARNT_3_from_Arnt::Ahr_jaspar_MA0006.1.mlp	AHR_2_from_AhR_transfac_M00778.mlp	AP3_1_from_AP-3_transfac_M00690.mlp	ARID3A_1_from_ARID3A_jaspar_MA0151.1.mlp	ARID3A_2_from_Arid3a_bulyk_sc09-primary.mlp	ATF3_known13_from_CREB1_9_from_CREB_transfac_M00917.mlp	BARHL1_2_from_Barhl1_jolma_DBD_M467.mlp	BARHL2_2_from_BARHL2_jolma_DBD_M458.mlp	BARHL2_5_from_BARHL2_jolma_full_M461.mlp	BPTF_1_from_FAC1_transfac_M00456.mlp	CACBP_1_from_CAC-binding-protein_transfac_M00720.mlp	CACD_2_from_CACD_transfac_M01113.mlp	CDC5L_1_from_Cdc5_transfac_M00478.mlp	CDX_1_from_Cdx_transfac_M00991.mlp	CEBPA_2_from_CEBPA_jaspar_MA0102.2.mlp	CEBPB_known3_from_CEBP_1_from_CorEBP_transfac_M00159.mlp	CEBPB_known7_from_CEBP_5_from_CorEBP_transfac_M00912.mlp	CEBPB_known8_from_CEBPB_3_from_CEBPB_jolma_DBD_M356.mlp	CEBPE_1_from_CEBPE_jolma_DBD_M359.mlp	CLOCK_1_from_CLOCK_jolma_DBD_M316.mlp	CPEB1_1_from_CPEB1_jolma_full_M748.mlp	CUX1_3_from_CDP-CR1_transfac_M00104.mlp	E2F_known15_from_E2F1_13_from_E2F_transfac_M00803.mlp	EGR1_known4_from_EGR_2_from_KROX_transfac_M00982.mlp	ELF5_1_from_ELF5_jaspar_MA0136.1.mlp	EN1_2_from_En1_jaspar_MA0027.1.mlp	ETS_2_from_Ets_transfac_M00971.mlp	ETS_known16_from_ETS1_6_from_ETS1_jolma_full_M100.mlp	ETS_known7_from_ELK1_3_from_ELK1_jaspar_MA0028.1.mlp	ETS_known8_from_ETS1_3_from_ETS1_jaspar_MA0098.1.mlp	ETV6_2_from_ETV6_jolma_full_M108.mlp	FEV_1_from_FEV_jaspar_MA0156.1.mlp	FLI1_1_from_FLI1_jolma_DBD_M112.mlp	FOXA_known5_from_FOXA1_2_from_FOXA1_jaspar_MA0148.1.mlp	FOXC1_2_from_FOXC1_jaspar_MA0032.1.mlp	FOXC1_7_from_Foxc1_jolma_DBD_M439.mlp	FOXD2_2_from_FOXD2_jolma_DBD_M409.mlp	FOXD3_4_from_FOXD3_jolma_DBD_M411.mlp	FOXG1_5_from_Foxg1_jolma_DBD_M442.mlp	FOXI1_2_from_FOXI1_jaspar_MA0042.1.mlp	FOXI1_3_from_FOXI1_jolma_full_M414.mlp	FOXJ1_1_from_HFH4-(FOXJ1)_transfac_M00742.mlp	FOXJ3_2_from_FOXJ3_jolma_DBD_M419.mlp	FOXK1_4_from_Foxk1_jolma_DBD_M448.mlp	FOXL1_2_from_FOXL1_jaspar_MA0033.1.mlp	FOXL1_4_from_FOXL1_jolma_full_M423.mlp	FOXO1_1_from_FOXO1_transfac_M00473.mlp	FOXO1_3_from_FOXO1_jolma_DBD_M425.mlp	FOXO3_2_from_FOXO3A_transfac_M01137.mlp	FOXO3_3_from_FOXO3_jaspar_MA0157.1.mlp	FOXO4_1_from_FOXO4_transfac_M00472.mlp	FOXO4_2_from_FOXO4_transfac_M00476.mlp	FOXO4_4_from_FOXO4_jolma_DBD_M432.mlp	FOXO6_2_from_FOXO6_jolma_DBD_M435.mlp	FOXP3_2_from_FOXP3_jolma_DBD_M437.mlp	GATA_known8_from_GATA1_5_from_GATA-1_transfac_M00346.mlp	GCM_1_from_GCM_transfac_M00634.mlp	GLI2_1_from_GLI2_jolma_DBD_M10.mlp	HBP1_1_from_Hbp1_bulyk_sc09-primary.mlp	HDX_1_from_Hdx_bulyk_cell08-3845.3.mlp	HLF_1_from_HLF_transfac_M00260.mlp	HLF_2_from_HLF_jaspar_MA0043.1.mlp	HLF_3_from_HLF_jolma_full_M374.mlp	HLTF_1_from_Hltf_jaspar_MA0109.1.mlp	HMGA1_1_from_HMG-IY_transfac_M00750.mlp	HMGA1_2_from_HMGIY_transfac_M01010.mlp	HNF4_known8_from_HNF4_5_from_HNF4,-COUP_transfac_M00967.mlp	HOXA4_1_from_HOXA4_transfac_M00640.mlp	HOXD8_2_from_HOXD8_jolma_DBD_M550.mlp	HOXD9_1_from_Hoxd9_jolma_DBD_M559.mlp	IKZF2_1_from_Ik-2_transfac_M00087.mlp	IRX2_1_from_Irx2_bulyk_cell08-0900.3.mlp	IRX2_2_from_IRX2_jolma_DBD_M562.mlp	IRX3_1_from_Irx3_bulyk_cell08-0920.1.mlp	IRX3_2_from_Irx3_bulyk_cell08-2226.1.mlp	IRX5_1_from_Irx5_bulyk_cell08-2385.1.mlp	IRX5_2_from_IRX5_jolma_DBD_M563.mlp	IRX6_1_from_Irx6_bulyk_cell08-2623.2.mlp	KLF12_1_from_AP-2rep_transfac_M00468.mlp	KLF16_1_from_KLF16_jolma_DBD_M23.mlp	MAZ_1_from_MAZ_transfac_M00649.mlp	MEIS2_3_from_Meis2_jolma_DBD_M167.mlp	MYC_known10_from_USF2_1_from_USF2_transfac_M00726.mlp	MYF6_1_from_Myf6_bulyk_sc09-primary.mlp	MYOG_1_from_myogenin_transfac_M00712.mlp	MZF1_1_from_MZF1_transfac_M00083.mlp	MZF1_2_from_MZF1_transfac_M00084.mlp	MZF1_3_from_MZF1:1-4_jaspar_MA0056.1.mlp	MZF1_4_from_MZF1:5-13_jaspar_MA0057.1.mlp	NFATC2_1_from_NFATC2_jaspar_MA0152.1.mlp	NFAT_1_from_NF-AT_transfac_M00302.mlp	NFAT_2_from_NF-AT_transfac_M00935.mlp	NFIL3_3_from_NFIL3_jolma_DBD_M392.mlp	NFY_known1_from_NFY_1_from_NF-Y_transfac_M00185.mlp	NKX2-1_1_from_TTF1-(Nkx2-1)_transfac_M00432.mlp	NKX2-1_2_from_TTF-1-(Nkx2-1)_transfac_M00794.mlp	NKX2-1_3_from_Titf1_bulyk_cell08-1722.2.mlp	NKX2-2_2_from_Nkx2-2_bulyk_cell08-2823.1.mlp	NKX2-4_1_from_Nkx2-4_bulyk_cell08-3074.1.mlp	NKX2-5_1_from_Nkx2-5_transfac_M00240.mlp	NKX2-5_5_from_Nkx2-5_bulyk_cell08-3436.1.mlp	NKX2-6_1_from_Nkx2-6_bulyk_cell08-3437.1.mlp	NKX2-8_2_from_NKX2-8_jolma_DBD_M601.mlp	NKX2-8_3_from_NKX2-8_jolma_full_M602.mlp	NKX3-1_1_from_Nkx3-1_transfac_M00451.mlp	NKX3-1_2_from_NKX3-1_jaspar_MA0124.1.mlp	NKX3-1_4_from_Nkx3-1_bulyk_cell08-2923.2.mlp	NKX6-2_1_from_Nkx6-2_transfac_M00489.mlp	NR2F2_1_from_ARP-1-(COUP-TF2)_transfac_M00155.mlp	NR3C1_known13_from_AR_6_from_Ar_jaspar_MA0007.1.mlp	NR3C1_known15_from_AR_7_from_AR_jolma_DBD_M655.mlp	NR3C1_known17_from_AR_9_from_Ar_jolma_DBD_M657.mlp	NR3C1_known4_from_AR_2_from_AR_transfac_M00481.mlp	NR3C1_known5_from_NR3C1_3_from_GR_transfac_M00921.mlp	NRF1_known2_from_NRF1_2_from_NRF1_jolma_full_M194.mlp	ONECUT1_1_from_HNF6_transfac_M00639.mlp	OTX_1_from_OTX_transfac_M01117.mlp	OVOL2_1_from_MOVO-B_transfac_M01104.mlp	PAX2_2_from_Pax-2_transfac_M00486.mlp	PAX4_4_from_Pax-4_transfac_M00380.mlp	PAX4_5_from_Pax4_jaspar_MA0068.1.mlp	PBX1_3_from_Pbx-1_transfac_M01017.mlp	PDX1_3_from_Pdx1_jaspar_MA0132.1.mlp	POU1F1_4_from_POU1F1_jolma_DBD_M205.mlp	POU3F1_3_from_POU3F1_jolma_DBD_M214.mlp	POU3F3_1_from_Pou3f3_bulyk_cell08-3235.2.mlp	POU3F4_3_from_POU3F4_jolma_DBD_M221.mlp	RUNX1_7_from_AML1_transfac_M00751.mlp	RUNX2_1_from_AML1a_transfac_M00271.mlp	SOX10_1_from_SOX10_transfac_M01131.mlp	SOX10_2_from_SOX10_jaspar_MA0442.1.mlp	SOX17_2_from_Sox17_jaspar_MA0078.1.mlp	SP100_1_from_Sp100_bulyk_sc09-primary.mlp	SP1_known1_from_SP1_1_from_Sp1_transfac_M00008.mlp	SP1_known4_from_SP1_3_from_Sp1_transfac_M00931.mlp	SP1_known6_from_SP1_5_from_Sp1_transfac_M00933.mlp	SP1_known7_from_SP1_6_from_SP1_jaspar_MA0079.2.mlp	SP1_known8_from_SP1_7_from_SP1_jolma_DBD_M29.mlp	SP1_known9_from_SP3_2_from_SP3_jolma_DBD_M30.mlp	SP4_1_from_Sp4_bulyk_sc09-primary.mlp	SPI1_known2_from_SPI1_2_from_SPI1_jaspar_MA0080.2.mlp	SPZ1_1_from_Spz1_transfac_M00446.mlp	SRY_1_from_SRY_transfac_M00148.mlp	SRY_2_from_SRY_transfac_M00160.mlp	SRY_3_from_SRY_jaspar_MA0084.1.mlp	STAT_known10_from_STAT1_3_from_STAT1_transfac_M00496.mlp	STAT_known11_from_STAT3_2_from_STAT3_transfac_M00497.mlp	STAT_known12_from_STAT4_1_from_STAT4_transfac_M00498.mlp	STAT_known13_from_STAT5A_4_from_STAT5A_transfac_M00499.mlp	STAT_known14_from_STAT6_2_from_STAT6_transfac_M00500.mlp	STAT_known8_from_STAT5A_3_from_STAT5A_transfac_M00493.mlp	STAT_known9_from_STAT6_1_from_STAT6_transfac_M00494.mlp	TATA_known4_from_TBP_4_from_TBP_transfac_M00980.mlp	TATA_known6_from_TBP_6_from_Tbp_bulyk_sc09-primary.mlp	TBX5_2_from_TBX5_transfac_M01020.mlp	TCF3_5_from_E2A_transfac_M00973.mlp	TEAD2_1_from_ETF_transfac_M00695.mlp	TEF_3_from_TEF_jolma_FL_M395.mlp	TFAP2_known1_from_TFAP2_1_from_AP-2_transfac_M00189.mlp	TFCP2_2_from_LBP-1_transfac_M00644.mlp	TFCP2_5_from_TFCP2_jolma_full_M63.mlp	WT1_1_from_WT1_transfac_M01118.mlp	YY1_known1_from_YY1_1_from_YY1_transfac_M00059.mlp	ZBTB14_1_from_ZF5_transfac_M00333.mlp	ZBTB14_2_from_ZF5_transfac_M00716.mlp	ZBTB14_3_from_Zfp161_bulyk_sc09-primary.mlp	ZBTB33_known1_from_ZBTB33_1_from_KAISO_transfac_M01119.mlp	ZEB1_known1_from_ZEB1_1_from_AREB6_transfac_M00412.mlp	ZEB1_known5_from_ZEB1_5_from_ZEB1_jaspar_MA0103.1.mlp	ZNF281_1_from_Zfp281_bulyk_sc09-primary.mlp	ZNF354C_1_from_ZNF354C_jaspar_MA0130.1.mlp	ZNF384_1_from_CIZ_transfac_M00734.mlp	ZNF740_2_from_ZNF740_jolma_DBD_M50.mlp
AC012123.1;+;up1000;down1000;+rnd204::18:30349207-30349818	0.63	0.83	1	0.41	1	0.6	0.299	0.99	0.99	0.98	0.208	0.006	0.177	0.57	0.003	0.38	0.14	0.146	0.34	0.39	0.96	0.43	0.82	0.69	0.009	0.298	0.081	0.28	0.177	0.047	0.147	0.291	0.56	0.173	0.098	0.89	0.04	0.004	0.005	0.005	1	0.006	0.004	0.027	0.006	0.291	0.007	0.028	0.008	0.015	0.022	0.059	0.01	0.006	0.007	0.005	1	0.202	0.166	0.45	0.054	0.94	0.95	0.62	0.64	0.35	0.46	0.023	0.78	0.82	0.4	0.58	0.91	0.84	0.83	0.87	0.81	0.77	0.87	0.57	0.023	0	0.097	0.37	0.187	1	0.3	0.05	0.079	0.089	0.36	0.313	0.087	0.54	0.46	1	0.72	0.217	0.34	0.3	1	0.56	0.33	0.53	0.49	0.97	0.76	0.195	1	1	0.42	0.54	0.145	0.227	0.4	0.37	1	0.216	0.014	0.226	0.8	0.35	0.73	0.94	0.44	0.62	0.52	0.37	1	0.71	0.087	0.29	0.35	0.87	0.046	0.021	0.001	0	0.132	0.008	0.057	0.72	0.036	0.027	0.045	0.016	0.63	0.41	0.059	0.171	0.247	0.34	0.3	0.66	0.228	0.91	0.173	0.119	0.74	0.62	0.4	0.8	0.003	0.174	0.77	0.52	0.92	0.025	1	0.36	0.008	0.3	0.185	0.026
AC012123.1;+;up1000;down1000;+rnd326::18:30349329-30349940	0.68	0.94	1	0.5	0.063	0.13	0.32	0.97	0.94	0.94	0.126	0.006	0.223	0.115	0.017	0.93	0.113	0.41	0.79	0.66	0.92	0.318	0.73	0.48	0.016	0.215	0.053	0.23	0.83	0.42	0.52	0.64	0.27	0.85	0.073	0.97	0.026	0.002	0.002	0.002	1	0.002	0	0.04	0.003	0.85	0.002	0.045	0.01	0.098	1	0.103	1	0.002	0.004	0.005	1	0.2	0.14	0.32	0.038	0.83	0.97	0.58	0.76	0.159	0.52	0.05	0.66	0.67	0.314	0.43	0.88	0.86	0.78	0.77	0.78	0.8	0.8	0.51	0.085	0	1	0.37	0.191	0.44	0.3	0.067	0.227	0.09	0.213	0.36	0.066	0.35	0.49	1	0.71	0.243	0.34	0.31	0.43	0.64	0.61	0.73	0.67	0.89	0.47	0.279	1	1	0.32	0.37	0.102	0.195	0.89	0.77	1	0.038	0.064	0.198	0.49	0.329	0.35	0.92	0.37	0.34	0.37	0.261	1	0.59	0.096	0.05	0.31	0.96	0.013	0.04	0.003	0	0.248	0.059	0.141	0.5	0.035	0.025	0.032	0.015	0.123	0.35	0.079	0.41	0.194	0.108	0.159	0.4	0.268	0.91	0.37	0.062	0.91	0.97	0.49	0.69	0.008	0.47	0.4	0.64	0.251	0.023	1	0.262	0.01	0.021	1	0.043
AC012123.1;+;up1000;down1000;+rnd335::18:30349338-30349949	0.71	0.96	1	0.37	1	0.58	0.293	0.92	0.85	0.82	0.071	0.016	0.254	0.134	0.252	1	0.083	0.54	0.76	0.69	0.99	0.6	0.74	0.67	0.022	0.243	0.051	0.16	0.79	0.276	0.136	0.5	1	0.79	0.078	0.96	0.126	0.043	0.066	0.087	1	0.12	0.002	0.021	0.066	1	0.115	0.008	0.034	0.014	1	0.033	0.005	0.121	0.139	0.063	1	0.209	0.156	0.333	0.032	0.96	0.96	0.53	0.86	0.249	0.48	0.056	0.102	0.53	0.41	0.58	0.118	0.74	0.146	0.107	0.162	0.63	0.201	0.43	0.093	0	0.99	0.41	0.155	0.47	0.35	0.049	0.31	0.089	0.193	0.33	0.066	0.36	0.46	1	0.6	0.44	0.31	0.5	0.34	0.75	0.55	0.7	0.66	0.9	0.39	0.142	1	1	0.41	0.4	0.13	0.221	0.94	0.69	1	0.247	0.083	0.265	0.56	0.254	0.108	1	0.35	0.31	0.34	0.202	1	0.62	0.27	0.27	0.291	0.98	0.067	0.043	0.005	0.002	0.297	0.061	0.14	0.212	0.022	0.006	0.013	0.007	0.38	0.232	0.07	0.102	0.184	0.215	0.232	0.57	0.86	0.59	0.44	0.01	0.99	0.89	0.252	0.6	0.007	0.62	0.52	0.71	0.118	0	1	0.248	0.013	0.012	1	0.055
AC012123.1;+;up1000;down1000;+rnd420::18:30349423-30350034	0.63	0.94	1	0.41	1	0.35	0.296	1	0.99	1	0.125	0.066	0.317	0.48	0.69	0.64	0.063	0.37	0.57	0.59	0.97	0.266	0.78	0.54	0.025	0.033	0.08	0.01	0.36	0.262	0.025	0.39	0.007	0.31	0.089	1	0.134	0.047	0.07	0.062	1	0.117	0	0.02	0.055	0.74	0.134	0.025	0.029	0.003	0.016	0.038	0.007	0.096	0.153	0.057	1	0.206	0.136	0.32	0.027	0.94	0.97	0.62	0.94	0.065	0.214	0.25	0.59	0.62	0.8	0.83	0.14	0.86	0.114	0.12	0.156	0.78	0.102	0.47	0.18	0.003	0.99	0.38	0.136	0.108	0.42	0.45	0.34	0.44	0.156	0.117	0.043	0.44	0.56	1	0.37	0.37	0.275	0.58	0.34	0.66	0.53	0.61	0.5	0.86	0.35	0.203	1	1	0.64	0.76	0.44	0.48	0.76	0.72	1	0.46	0.121	0.36	0.71	0.277	0.33	1	0.38	0.38	0.32	0.203	1	0.57	0.63	0.258	0.5	0.97	0.169	0.087	0.017	0.034	0.31	0.091	0.159	0.058	0.118	0.01	0.015	0.008	0.305	0.63	0.013	0.049	0.007	0.101	0.088	0.74	0.69	0.26	0.099	0.063	0.77	0.78	0.7	0.57	0.042	0.64	0.45	0.56	0.35	0.018	1	0.064	0.031	0.032	1	0.244
AC012123.1;+;up1000;down1000;+rnd475::18:30349478-30350089	0.67	0.92	1	0.84	1	1	0.34	1	1	1	0.122	0.015	0.301	0.73	0.8	0.7	0.244	0.81	0.66	0.71	0.99	0.215	0.87	0.73	0.021	0.103	0.51	0.133	0.82	0.49	0.49	0.68	0.32	0.81	0.47	0.98	0.258	0.149	0.193	0.098	1	0.163	1	0.028	0.178	0.99	0.36	0.142	0.027	1	0.021	0.212	1	0.101	0.153	0.34	1	0.209	0.159	0.35	0.79	0.92	0.97	0.51	0.93	1	0.84	0.36	0.61	0.81	0.99	0.8	0.075	0.85	0.099	0.077	0.101	0.74	0.08	0.44	0.11	0	0.89	0.292	0.098	0.099	0.36	0.059	0.37	0.106	0.2	0.36	0.77	0.42	0.46	1	0.4	0.73	0.82	0.86	0.35	0.82	0.62	0.83	0.77	0.81	0.295	0.24	1	1	0.37	0.46	0.106	0.189	0.43	0.75	1	0.209	0.085	0.96	0.94	0.265	0.3	1	0.4	0.6	0.41	0.182	1	0.66	0.52	0.201	0.55	1	0.076	0.063	0.007	0	0.308	0.076	0.167	0.34	0.015	1	0.207	0.99	0.95	0.71	0.43	0.158	0.43	0.68	0.48	0.81	1	0.35	0.098	0.038	0.72	0.77	0.303	0.72	0.009	0.62	0.4	0.88	0.33	0.017	1	0.049	0.013	0.008	1	0.048
AC012123.1;+;up1000;down1000;+rnd678::18:30349681-30350292	0.69	0.5	0.76	0.79	1	1	0.45	1	1	1	0.3	1	0.72	0.82	0.356	0.58	0.64	0.61	0.64	0.65	0.95	0.68	0.92	0.85	0.37	0.066	0.79	0.044	0.82	0.9	0.4	0.37	0.3	0.81	0.61	0.81	0.045	0.213	0.21	0.127	1	0.148	1	0.138	0.152	0.99	0.074	0.047	0.04	1	1	0.006	1	0.065	0.078	0.68	1	1	0.9	0.352	0.58	1	0.98	0.59	0.8	1	0.68	0.16	1	0.64	0.48	0.78	0.058	0.82	0.074	0.059	0.073	0.81	0.061	0.306	0.55	0.77	0.62	0.31	0.186	0.107	0.88	0.62	0.64	0.99	0.104	0.55	0.72	0.47	0.46	1	0.5	0.237	0.245	0.205	0.291	0.48	0.41	0.36	0.34	0.74	0.249	0.14	1	1	0.343	0.38	0.56	0.45	0.47	0.82	1	0.197	0.94	0.94	0.86	0.35	0.347	1	0.66	0.44	0.51	0.166	1	0.66	0.93	0.86	1	1	0.87	0.8	0.54	0.85	0.74	0.97	0.274	0.08	0.58	1	0.89	0.99	0.96	0.89	0.41	0.247	0.32	0.64	0.57	0.94	0.97	0.167	0.133	0.034	0.66	0.39	0.155	0.73	0.77	0.87	0.41	0.94	0.37	0.3	1	0.226	0.37	0	1	0.82
AC012123.1;+;up1000;down1000;+rnd780::18:30349783-30350394	0.65	0.184	0.74	0.9	1	1	0.89	1	0.96	1	0.45	0.07	0.193	0.55	0.62	0.54	0.97	0.76	0.63	0.66	0.97	0.92	0.3	0.98	0.328	0.033	0.88	0.054	0.58	0.57	0.209	0.062	0.165	0.4	0.66	0.43	0.045	0.212	0.203	0.145	1	0.14	1	0.33	0.164	1	0.093	0.11	0.145	1	1	0.051	1	0.094	0.102	0.65	1	1	0.91	0.94	0.92	0.85	1	0.99	0.74	1	0.8	0.4	1	0.94	0.41	0.66	0.037	0.262	0.064	0.05	0.072	0.4	0.047	0.64	0.092	0.07	0.48	0.69	0.163	0.106	0.7	0.45	0.217	0.44	0.069	0.57	0.52	0.98	1	1	0.106	0.207	0.228	0.167	0.274	0.51	0.43	0.33	0.32	0.77	0.232	0.113	1	1	0.56	0.37	0.5	0.51	0.4	0.76	1	1	0.42	1	0.69	0.201	0.4	1	0.98	1	0.64	0.57	1	0.75	0.91	0.55	0.47	1	0.73	0.3	0.053	0.031	0.044	0.243	0.35	0.06	0.84	1	0.94	0.98	0.98	0.5	0.97	0.049	0.45	0.37	0.47	0.93	0.99	0.062	0.143	0.019	0.61	0.09	0.106	0.69	0.222	0.91	0.51	0.96	0.35	0.34	1	0.27	0.141	0.05	1	0.265
AC012123.1;+;up1000;down1000;+rnd798::18:30349801-30350412	0.67	0.5	0.78	0.83	1	0.86	0.82	1	0.99	1	0.47	0.099	0.4	0.38	0.6	0.41	0.98	0.78	0.56	0.58	0.94	0.82	0.257	0.98	0.59	0.027	0.73	0.059	0.59	0.62	0.221	0.067	0.163	0.42	0.47	0.62	0.176	0.49	0.3	0.292	1	0.37	1	0.109	0.252	0.84	0.172	0.42	0.191	1	1	0.289	0.022	0.258	0.55	0.65	1	1	0.93	0.91	0.87	0.85	0.95	0.97	0.76	1	0.7	0.34	0.63	0.96	0.36	0.68	0.043	0.86	0.061	0.046	0.064	0.95	0.045	0.59	0.108	0.069	0.67	0.7	0.122	0.118	0.64	0.52	0.2	0.51	0.129	0.39	0.48	0.93	1	1	0.206	0.226	0.215	0.167	0.22	0.48	0.357	0.33	0.298	0.66	0.188	0.062	1	1	0.38	0.46	0.63	0.45	0.258	0.83	1	1	0.54	0.97	0.57	0.223	0.36	1	0.93	0.92	0.65	0.68	1	0.78	0.95	0.87	0.99	1	0.71	0.284	0.062	0.039	0.052	0.211	0.32	0.057	0.92	0.99	0.49	0.4	0.92	0.54	0.79	0.052	0.49	0.145	0.21	0.43	0.42	0.12	0.127	0.01	0.53	0.219	0.112	0.86	0.1	0.87	0.43	0.99	0.34	0.32	1	0.221	0.122	0.036	1	0.255
AC012123.1;+;up1000;down1000;+rnd927::18:30349930-30350541	0.76	0.58	0.78	0.64	1	1	0.72	0.98	0.95	0.94	0.178	0.092	0.34	0.52	0.64	0.146	0.94	0.75	0.6	0.77	0.99	0.85	0.222	1	0.291	0.021	0.47	0.021	0.5	0.57	0.212	0.052	0.188	0.39	0.49	0.58	0.035	0.222	0.221	0.132	1	0.143	1	0.121	0.141	0.98	0.075	0.046	0.043	0.059	1	0.017	0.022	0.072	0.085	0.68	1	0.237	0.96	0.69	0.91	0.81	0.97	0.98	0.36	0.91	0.79	0.34	1	0.82	0.31	0.76	0.133	0.72	0.132	0.138	0.165	0.88	0.086	0.68	0.091	0.076	0.49	0.84	0.017	0.012	0.7	0.56	0.3	0.52	0.174	0.31	0.66	0.94	1	1	0.286	0.231	0.267	0.194	0.301	0.57	0.45	0.42	0.38	0.8	0.241	0.177	1	1	0.31	0.32	0.77	0.57	0.121	0.93	1	1	0.58	0.99	0.93	0.45	0.68	1	1	1	0.68	0.99	1	0.54	0.74	0.38	0.92	1	0.82	0.305	0.068	0.019	0.047	0.23	0.38	0.029	0.86	0.72	0.221	0.34	0.95	0.46	1	0.052	0.47	0.3	0.278	0.85	1	0.155	0.071	0.019	0.64	0.057	0.019	0.69	0.153	0.82	0.46	1	1	0.41	1	0.083	0.138	0.236	1	0.32
AC012123.1;+;up1000;down1000;+rnd983::18:30349986-30350597	1	0.5	0.71	0.4	1	0.8	0.69	0.85	0.93	0.94	0.265	0.231	0.82	0.142	0.63	0.162	0.93	0.88	0.63	0.77	0.97	0.28	0.288	1	0.3	0.027	0.46	0.03	0.49	0.53	0.201	0.051	0.171	0.4	0.54	0.89	0.063	0.292	0.3	0.167	1	0.152	1	0.181	0.215	0.97	0.093	0.051	0.06	1	1	0.017	1	0.091	0.108	0.76	1	0.272	0.43	0.76	1	0.85	0.84	0.77	0.47	0.43	0.56	0.33	1	0.92	0.141	0.86	0.202	0.47	0.194	0.219	0.233	0.8	0.122	0.67	0.134	0.093	0.55	0.54	0.027	0.005	0.67	0.39	0.145	0.61	0.194	0.7	0.69	0.95	1	1	0.134	0.156	0.239	0.17	1	0.5	0.38	0.39	0.38	0.94	0.87	0.12	1	1	0.127	0.35	0.251	0.242	0.38	0.89	1	0.395	0.69	0.33	0.9	0.43	0.43	1	1	0.99	0.93	0.96	1	0.5	0.83	0.52	0.98	1	0.95	0.32	0.068	0.035	0.045	0.39	0.69	0.042	0.17	0.76	1	1	0.64	0.42	0.93	0.101	0.44	0.326	0.274	0.127	0.83	0.32	0.014	0.025	0.84	0.081	0.031	0.7	0.107	0.112	0.89	1	1	0.74	0.23	0.072	0.3	0.224	1	0.58
BCL2;-;up1000;down1000;+rnd255::18:60986616-60987227	0.4	0.067	0.028	0.59	0.017	0	0.65	0.25	0.151	0.169	0.097	0.037	0.172	0.102	0.65	0.64	0.51	0.64	0.98	1	0.64	0.027	0.84	0.032	0.053	0.53	0.63	0.37	0.48	0.51	0.037	0.159	1	0.48	0.45	0.95	0.3	0.135	0.166	0.139	1	0.226	0.062	0.011	0.148	0.67	0.61	0.35	0.087	0.041	0.024	0.188	1	0.142	0.183	0.38	1	1	0.99	0.133	0.061	0.9	1	1	0.72	0.002	0.007	0.68	0.78	0.048	0.074	0.01	0.49	0.53	0.46	0.35	0.54	0.45	0.38	0.99	0.052	0.003	0.88	0.277	0.85	1	0	0.055	0	0.094	0.041	0.04	0.111	1	1	1	0.091	0.052	0.043	0.031	1	0.063	0.095	0.57	0.55	0.21	0.77	0.76	0.118	0.004	0.95	0.92	0.88	0.9	0.9	0.021	1	1	0.103	0.071	0	0	0.59	0.009	0.097	0.116	0.162	0.18	1	0.75	0.71	0.54	1	0.004	0.008	0.083	0.022	0.009	0.017	0.091	0.181	0.38	0.56	0.45	0.34	0.172	0.003	0.161	0.023	0.001	0.04	0.026	0.008	0.021	0.042	0.59	0.253	0	0.61	0.032	0.218	0.48	0.011	0.087	0.208	0.61	0.036	0.098	1	0.88	0.006	0.222	0.012	0.118
BCL2;-;up1000;down1000;+rnd290::18:60986651-60987262	0.187	0.271	0.273	0.68	0.014	0.003	0.65	0.179	0.091	0.114	0.042	0.053	0.229	0.08	0.77	0.77	0.49	0.5	0.92	0.98	0.58	0.009	0.55	0.173	0.024	0.54	0.7	0.42	0.65	0.44	0.056	0.123	1	0.6	0.37	0.99	0.251	0.093	0.124	0.108	1	0.168	0.041	0.008	0.109	0.141	0.65	0.258	0.069	0.018	0.021	0.131	1	0.128	0.164	0.254	1	1	0.041	0.097	0.053	0.92	0.98	0.96	0.31	0	0.002	0.65	0.66	0.065	0.166	0.39	0.52	0.45	0.52	0.39	0.47	0.38	0.41	0.98	0.108	0.002	0.82	0.53	0.98	1	0.004	0.067	0	0.105	0.033	0.033	0.109	0.99	1	0.159	0.94	0.106	0.32	0.057	1	0.15	0.104	0.88	0.87	0.42	0.65	0.86	0.078	1	0.94	0.9	0.7	0.93	0.85	0.171	1	1	0.085	0.034	0	0	0.65	0.285	0.037	0.056	0.028	0.09	0.183	0.166	0.77	0.47	1	0.009	0.012	0.139	0.049	0.022	0.049	0.137	0.202	0.32	0.36	0.217	0.257	0.124	0	0.183	0.011	0	0.037	0.018	0.005	0.015	0.015	0.42	0.75	0	0.5	0.06	0.221	0.62	0.02	0.093	0.36	0.63	0.052	0.38	1	0.53	0.01	0.178	0.005	0.143
BCL2;-;up1000;down1000;+rnd29::18:60986390-60987001	0.153	0.098	0.136	0.304	0.152	0.027	0.58	0.44	0.371	0.352	0.01	1	0.8	0.211	0.37	0.74	0.35	0.81	0.61	0.63	0.46	0.111	0.04	0.005	0.035	0.323	0.98	0.35	0.56	0.36	0.121	0.65	0.42	0.55	0.77	0.97	0.63	0.3	0.353	0.303	1	0.28	0.015	0.065	0.29	0.81	0.95	0.113	0.248	0.147	0.065	0.236	1	0.351	0.3	0.64	1	1	0.016	0.212	0.141	0.61	0.68	0.69	0.79	0.006	0.003	0.97	0.04	0.093	0.72	0.015	0.003	0.73	0.009	0.007	0.012	0.71	0.003	0.94	0.34	0.018	0.056	0.149	0.83	1	0.062	0.178	0.004	0.141	0.068	0.039	0.038	0.78	0.71	0.045	0.56	0.165	0.238	0.146	0.36	0.238	0.208	0.46	0.46	0.05	0.128	0.64	0.68	1	0.92	0.48	0.93	0.96	0.88	0.067	1	0.71	0.78	0.31	0.001	0.153	0.065	0.192	0.056	0.095	0.001	0.182	0.246	0.203	0.41	0.72	0.64	0.019	0.39	0.26	0.247	0.011	0.43	0.263	0.084	0.182	0.59	0.058	0.109	0.17	0.003	0.014	0.011	0.004	0.032	0.054	0.047	0.167	0.182	0.61	0.187	0.001	0.36	0.48	0.198	0.157	0.18	0.193	0.096	0.36	0.007	0.116	1	0.95	0.142	0.33	0.164	0.48
BCL2;-;up1000;down1000;+rnd426::18:60986787-60987398	1	0.9	0.89	0.61	0.001	0	0.99	0.076	0.027	0.038	0.063	0.145	0.245	0.041	1	0.62	0.3	0.31	0.77	0.87	0.97	0.002	0.86	0.011	0.2	0.199	0.8	0.083	0.55	0.6	0.007	0.106	1	0.52	0.34	1	0.262	0.17	0.13	0.248	1	0.44	1	0.024	0.246	0.199	0.71	1	0.32	0.011	1	1	1	0.39	0.42	0.34	1	1	0.055	0.032	0.084	0.67	0.98	0.87	0.32	0.009	0.01	0.4	0.48	0.022	0.055	0.36	0.41	0.93	0.52	0.4	0.6	0.9	0.4	0.9	0.209	0.011	0.53	0.7	0.74	1	0.001	0.1	0.005	0.208	0.015	0.026	0.053	0.91	1	0.093	0.9	0.046	0.118	0.029	1	0.063	0.053	0.81	0.83	1	0.39	0.57	0.039	1	0.96	0.95	0.88	0.81	0.93	0.87	1	1	0.288	0.008	0	0	0.3	0.49	0.056	0.033	0.026	0.04	0.017	0.017	0.99	0.262	1	0.001	0.027	0.134	0.047	0.064	0.11	0.198	0.003	0.053	0.47	0.16	0.93	0.212	0.007	0.221	0.035	0	0.016	0.022	0.014	0.007	0.005	0.32	0.7	0	0.244	0.156	0.35	0.8	0.028	0.032	0.55	0.31	0.97	0.35	1	0.37	0.149	0.221	0.004	0.49
BCL2;-;up1000;down1000;+rnd469::18:60986830-60987441	1	0.93	1	0.51	0.002	0	1	0.091	0.046	0.063	0.051	0.127	0.3	0.05	0.67	0.75	0.257	0.35	0.83	0.86	0.98	0.002	0.91	0.008	0.181	0.14	0.159	0.029	0.16	0.51	0	0.077	1	0.15	0.266	0.93	0.34	0.197	0.146	0.279	1	0.39	1	0.022	0.276	0.218	0.77	1	0.323	0.003	1	1	1	0.49	0.42	0.314	1	1	0.055	0.007	0.083	0.63	0.99	0.88	0.37	0.017	0.007	0.39	0.304	0.012	0.067	0.36	0.52	0.82	0.68	0.55	0.73	0.85	0.56	0.87	0.217	0.007	0.7	0.9	0.79	1	0.012	0.083	0.096	0.36	0.013	0.012	0.046	0.72	1	0.106	0.99	0.057	0.147	0.03	1	0.059	0.048	0.65	0.67	0.69	0.45	0.89	0.027	1	0.95	0.76	0.73	0.62	0.264	0.67	1	1	0.4	0.009	0	0	0.38	0.115	0.035	0.005	0.022	0.011	0.023	0.024	0.9	0.241	1	0.001	0.03	0.133	0.054	0.056	0.108	0.23	0	0.138	0.52	0.15	0.93	0.234	0.002	0.101	0.006	0	0.009	0.01	0.004	0.013	0.003	0.51	0.7	0	0.269	0.145	0.242	0.77	0.036	0.039	0.5	0.159	0.9	0.335	1	0.37	0.054	0.49	0.006	0.38
BCL2;-;up1000;down1000;+rnd514::18:60986875-60987486	0.46	0.9	1	0.47	0.003	0.014	0.4	0.141	0.065	0.081	0.028	0.138	0.35	0.18	0.89	0.58	0.199	0.226	0.81	0.79	0.95	0.014	1	0.001	0.125	0.189	0.86	0.059	0.172	0.41	0.008	0.11	0.182	0.161	0.45	0.97	0.73	0.47	0.29	0.57	1	0.73	1	0.024	0.53	0.68	0.88	1	0.72	1	1	1	1	0.77	0.61	0.57	1	1	0.053	0.002	0.179	0.118	0.91	0.31	0.49	0.01	0.009	0.4	0.55	0.069	0.75	0.46	0.49	0.63	0.67	0.61	0.63	0.52	0.52	0.93	0.158	0.007	0.73	0.86	0.8	1	0.62	0.109	0.86	0.3	0.018	0.008	0.087	0.294	1	1	0.94	0.77	1	0.47	1	0.96	0.92	0.94	0.95	0.065	0.54	0.63	1	1	0.98	0.77	0.72	0.76	0.48	0.63	1	1	0.228	0	0	0	0.44	0.69	0.081	0.006	0.218	0.011	0.019	0.019	0.95	0.203	1	0.004	0.03	0.127	0.047	0.05	0.08	0.19	0.001	0.134	0.4	0.006	0.196	0.43	0.001	0.31	0.032	0.001	0.009	0.007	0.028	0.011	0.031	0.51	0.71	0	0.208	0.067	0.33	0.61	0.012	0.057	0.5	0.079	0.86	0.39	1	0.44	0.028	0.056	0.061	0.24
BCL2;-;up1000;down1000;+rnd663::18:60987024-60987635	0.41	0.58	0.88	0.74	0.037	0.005	0.47	0.42	0.54	0.45	0.019	1	0.52	0.027	0.86	0.55	0.166	0.049	0.35	0.41	0.37	0.002	0.96	0.001	0.247	0.25	0.76	0.1	0.46	0.5	0.063	0.094	1	0.49	0.12	0.76	0.238	0.281	0.265	0.202	1	0.33	1	0.008	0.165	0.066	0.72	1	0.191	0.003	1	1	1	0.278	0.301	0.32	1	1	0.51	0.001	0.066	0.152	0.96	0.199	0.317	0.16	0.009	0.099	0.298	0.018	0.023	0.51	0.205	0.28	0.35	0.37	0.237	0.317	0.199	0.98	0.41	0.012	0.4	0.92	0.58	0.43	0.237	0.134	0.54	0.69	0.009	0.026	0.099	0.085	1	1	0.96	0.35	0.79	0.41	1	0.76	0.4	0.55	0.52	0.5	0.57	0.63	0.011	1	0.92	0.67	0.67	0.68	0.098	0.72	1	1	0.51	0.049	0.003	0.012	0.61	0.74	0.039	0.021	0.041	0.007	0.145	0.15	0.96	0.11	1	0.126	0.4	0.235	0.178	0.083	0.75	0.45	0	0.128	0.52	0.013	0.064	0.134	0.105	0.59	0.028	0.001	0.041	0.038	0.082	0.005	0.001	0.63	0.61	0	0.142	0.39	0.43	0.83	0.026	0.51	0.59	0.066	0.68	0.63	1	0.57	0.265	0.88	0.002	0.54
BCL2;-;up1000;down1000;+rnd679::18:60987040-60987651	0.54	0.99	1	0.78	1	0.001	0.251	0.34	0.6	0.4	0.027	1	0.51	0.04	0.68	0.7	0.119	0.044	0.37	0.45	0.42	0.016	0.94	0.01	0.307	0.186	0.56	0.039	0.134	0.44	0.046	0.295	1	0.133	0.27	0.85	0.9	0.72	0.82	0.44	1	0.49	1	0.016	0.246	0.5	0.94	1	0.61	1	1	1	1	0.66	0.43	0.3	1	1	0.45	0	0.45	0.042	0.98	0.109	0.242	0.139	0.035	0.32	0.293	0.028	0.16	0.49	0.161	0.287	0.241	0.268	0.195	0.184	0.167	0.99	0.37	0.01	0.352	0.97	0.66	0.35	0.3	0.204	0.72	0.52	0.004	0.002	0.069	0.057	1	1	0.97	0.255	0.64	0.32	1	0.71	0.326	0.55	0.55	0.38	0.47	0.93	1	1	0.97	0.64	0.59	0.63	0.117	0.75	1	1	0.58	0.06	0.003	0.004	0.97	0.6	0.022	0.019	0.061	0.037	0.112	0.122	1	0.08	1	0.11	0.097	0.227	0.125	0.096	0.226	0.4	0.001	0.081	0.52	0.008	0.035	0.38	0.052	0.66	0.008	0.002	0.007	0.013	0.076	0.006	0.004	0.66	0.54	0	0.061	0.263	0.46	0.5	0.038	0.294	0.75	0.086	0.66	0.57	1	0.9	0.302	0.87	0.021	0.71
BCL2;-;up1000;down1000;+rnd802::18:60987163-60987774	0.52	0.84	0.83	0.75	1	0	0.198	0.238	0.287	0.265	0.007	0.61	0.59	0.36	0.51	0.55	0.24	0.033	0.351	0.34	0.36	0.015	0.88	0.002	0.45	0.242	0.46	0.041	0.265	0.37	0.242	0.303	1	0.287	0.245	0.77	0.61	0.78	0.66	0.34	1	0.45	1	0.007	0.173	0.39	0.63	1	0.39	1	1	1	1	0.49	0.36	0.3	1	1	0.106	0	0.57	0.05	0.79	0.082	0.36	1	0.019	0.72	1	0.036	0.089	0.72	0.086	0.194	0.123	0.148	0.102	0.125	0.088	0.121	0.48	0.019	0.48	0.87	0.53	0.303	0.96	0.82	0.99	0.92	0.133	0.006	0.085	0.042	0.283	1	0.92	0.177	0.69	0.31	1	0.68	0.226	0.76	0.78	0.36	0.3	0.94	1	1	0.179	0.55	0.62	0.48	0.052	0.84	1	1	0.86	0.038	0.003	0.001	0.71	0.55	0.007	0.006	0.03	0.011	0.095	0.081	0.93	0.07	0.39	0.64	0.81	0.34	0.32	0.23	0.7	0.46	0.001	0.095	0.66	0.003	0.017	0.193	0.3	0.52	0.012	0.011	0.014	0.055	0.235	0.01	0.002	0.42	0.47	0	0.072	0.65	0.38	0.125	0.225	0.42	0.81	0.098	0.7	0.55	1	0.41	0.44	0.61	0.007	0.87
BCL2;-;up1000;down1000;+rnd9::18:60986370-60986981	0.271	0.096	0.14	0.55	0.022	0.029	0.77	0.82	0.89	0.88	0.015	1	0.71	0.015	0.51	0.64	0.47	0.56	0.57	0.59	0.51	0.145	0.046	0.004	0.029	0.066	0.98	0.066	0.135	0.31	0.059	0.258	0.008	0.132	0.78	0.97	0.66	0.55	0.57	0.4	1	0.32	0.012	0.096	0.33	0.95	0.94	0.157	0.34	0.191	0.085	0.3	1	0.46	0.47	0.73	1	1	0.63	0.4	0.066	1	0.69	0.88	0.87	0	0.005	0.83	0.011	0.198	0.59	0.016	0.013	0.46	0.015	0.016	0.021	0.46	0.016	0.95	0.375	0.011	0.138	0.134	0.8	1	0.047	0.22	0.021	0.134	0.07	0.02	0.017	0.94	0.42	0.023	0.034	0.162	0.073	0.144	0.31	0.31	0.204	0.36	0.39	0.041	0.167	0.63	0.76	0.003	0.006	0.008	0.011	0.01	0.68	0.057	1	0.67	0.6	0.086	0	0.139	0.088	0.151	0.084	0.005	0.007	0.024	1	0.79	0.7	0.94	0.95	0.022	0.37	0.49	0.39	0.011	0.39	0.274	0.141	0.085	0.5	0.084	0.161	0.22	0	0.003	0.004	0	0.002	0.006	0.009	0.28	0.221	0.92	0.196	0.012	0.43	0.34	0.5	0.125	0.142	0.6	0.34	0.156	0.079	0.079	1	0.92	0.138	0.4	0.2	0.54
BCL2;-;up1000;down1000;dup0;+rnd1022::18:60988244-60988855	0.45	0.048	0.047	0.76	0.56	0.084	0.65	0.68	0.85	0.68	0.57	1	0.073	0.068	0.92	0.77	0.266	0.74	0.54	0.66	0.055	0.055	0.91	0.39	0.047	0.91	0.84	0.83	0.99	0.32	0.94	0.78	1	1	0.099	0.38	0.242	0.249	0.4	0.4	0.229	0.46	1	0.159	0.196	0.294	0.48	0.66	0.137	0.55	0.058	0.51	1	0.4	0.32	0.42	0.179	1	0.017	0.55	0.85	0.83	1	0.48	0.216	0.43	0.34	0.49	0.49	0.246	0.75	0.26	0.61	0.61	0.52	0.58	0.49	0.7	0.45	0.62	0.178	0.47	0.55	0.013	0.31	1	0.205	0.03	0.47	0.6	0.241	0.4	0.72	0.299	0.59	0.009	0.35	0.112	0.147	0.234	0.035	0.238	0.169	0.063	0.065	0.172	0.178	0.091	0.67	1	0.54	0.49	0.3	0.35	0.05	0.004	0.015	0.037	0.307	0.135	0.302	0.374	1	0.74	0.59	0.115	0.76	0.232	1	0.76	0.116	0.265	0.69	1	0.045	0.035	0.03	0.063	0.143	0.147	0.122	0.32	0.262	0.46	0.44	0.43	0.34	0.78	0.57	0.144	0.181	0.91	0.95	0.35	0.12	0.055	0.65	0.63	0.37	0.39	1	0.64	0.112	0.032	0.014	0.093	0.011	1	0.225	0	0.036	0.16	0.062	0.108
BCL2;-;up1000;down1000;dup0;+rnd1049::18:60988271-60988882	0.62	0.62	1	0.84	0.63	0.135	0.58	0.7	0.88	0.69	0.035	1	0.074	0.081	0.96	0.36	0.55	0.71	0.58	0.71	0.048	0.053	0.51	0.32	0.037	0.89	0.89	0.74	0.98	0.3	0.95	0.84	1	0.99	0.213	0.39	0.27	0.272	0.31	0.34	0.245	0.43	0.3	0.059	0.194	0.42	0.36	0.62	0.151	0.57	0.077	0.42	1	0.35	0.286	0.32	0.153	1	0.011	0.59	0.43	0.92	1	0.53	0.198	0.48	0.047	0.56	0.58	0.34	0.71	0.76	0.67	0.57	0.58	0.62	0.54	0.61	0.55	0.71	0.127	1	0.256	0.019	0.55	1	0.14	0.013	0.147	0.117	0.254	0.43	0.83	0.33	0.62	0.3	0.44	0.146	0.61	0.47	0.57	0.56	0.206	0.77	0.7	0.252	0.238	0.103	0.61	1	0.37	0.43	0.181	0.28	0.072	0.121	0.024	0.04	0.155	0.103	0.123	0.185	0.98	0.86	0.68	0.203	0.83	0.301	1	0.73	0.023	0.074	0.63	0.95	0.044	0.032	0.035	0.04	0.103	0.114	0.106	0.72	0.244	0.67	0.74	0.57	0.31	0.78	0.66	0.103	0.15	0.82	0.98	0.301	0.107	0.058	0.58	0.61	0.34	0.33	1	0.178	0.085	0.147	0.084	0.181	0.114	1	0.154	0.001	0.029	0.225	0.147	0.072
BCL2;-;up1000;down1000;dup0;+rnd1080::18:60988302-60988913	0.193	0.139	0.164	0.83	0.44	0.097	0.8	0.73	0.9	0.78	0.152	1	0.38	0.09	0.252	0.95	0.43	0.6	0.56	0.65	0.052	0.003	0.95	0.264	0.003	0.93	0.96	0.88	0.99	0.3	0.97	0.8	1	1	0.089	0.39	0.243	0.228	0.32	0.316	0.251	0.39	1	0.068	0.182	0.42	0.45	0.046	0.132	0.14	0.088	0.196	0.094	0.32	0.257	0.34	0.178	1	0.128	0.58	0.89	0.77	0.99	0.55	0.232	0.5	0.32	0.47	0.62	0.47	0.198	0.258	0.66	0.63	0.63	0.65	0.56	0.63	0.62	0.199	0.078	0.162	0.32	0.129	0.64	1	0.83	0.025	0.84	0.5	0.292	0.65	0.85	0.38	0.57	0.286	0.273	0.155	0.344	0.35	0.49	0.43	0.222	0.064	0.094	0.183	0.172	0.097	0.68	1	0.47	0.63	0.207	0.46	0.064	0.115	0.028	0.059	0.41	0.014	0.251	0.3	0.91	0.9	0.49	0.079	0.8	0.38	1	0.43	0.011	0.004	0.63	1	0.047	0.028	0.019	0.034	0.069	0.103	0.005	0.202	0.267	0.074	0.66	0.31	0.31	0.8	0.73	0.109	0.166	0.93	1	0.35	0.117	0.129	0.82	0.32	0.35	0.169	1	0.142	0.085	0.093	0.071	0.4	0.038	1	1	0.104	0.066	0.19	0.226	0.101
BCL2;-;up1000;down1000;dup0;+rnd221::18:60987443-60988054	0.4	0.082	0.42	0.167	1	0.003	0.94	0.56	0.74	0.55	0.037	1	0.5	0.59	0.84	0.92	0.15	0.86	0.53	0.77	0.32	0.058	0.91	0.009	0.207	0.93	0.95	0.82	0.7	0.59	0.97	0.87	1	0.82	0.046	0.76	0.076	0.039	0.102	0.045	1	0.066	1	0.002	0.029	0.245	0.217	0.01	0.014	0	0.006	0.061	0.001	0.051	0.064	0.09	1	0.085	0.183	0.001	0.83	1	0.91	1	0.054	0.227	0.119	0	1	0.24	0.075	0.89	0.188	0.133	0.301	0.335	0.218	0.186	0.234	0.174	0.39	0.138	0.089	0.36	0.67	0.35	0.83	0.61	0.71	0.48	0.003	0.086	0.058	0.91	0.48	1	0.99	0.184	0.45	0.095	1	0.74	0.51	0.178	0.22	1	0.46	0.97	1	1	0.33	0.244	0.69	0.42	0.65	0.78	1	1	0.5	0.285	0.031	0.018	0.87	1	0.075	0.145	0.198	0.209	0.46	0.48	1	0.084	0.96	0.65	0.47	0.31	0.325	0.44	0.75	0.317	0.086	0.35	0.36	0.009	0.058	0.03	0.126	0.47	0.013	0	0.307	0.059	0.1	0.013	0.006	0.73	0.56	0.024	0.92	0.32	0.33	0.35	0.027	0.68	0.61	0.136	0.48	0.69	1	0.76	0.49	0.35	0.046	0.74
BCL2;-;up1000;down1000;dup0;+rnd34::18:60987256-60987867	0.45	0.76	0.81	0.186	1	0	0.186	0.36	0.51	0.34	0.009	0.76	0.39	0.3	0.49	0.61	0.46	0.037	0.3	0.34	0.3	0.012	0.245	0.002	0.31	0.41	0.63	0.049	0.13	0.43	0.31	0.39	1	0.141	0.271	0.78	0.71	0.84	0.72	0.31	1	0.5	1	0.004	0.212	0.39	0.62	1	0.39	1	1	1	1	0.5	0.43	0.47	1	1	0.16	0	0.63	0.026	0.88	0.083	0.37	1	0.026	0.85	1	0.016	0.094	0.76	0.071	0.17	0.126	0.149	0.092	0.115	0.075	0.37	0.7	0.107	0.7	0.76	0.3	0.287	0.86	0.7	0.79	0.52	0.151	0.001	0.086	0.041	0.47	1	0.58	0.138	0.39	0.207	0.068	0.278	0.062	0.154	0.147	0.34	0.201	0.53	1	1	0.189	0.55	0.51	0.7	0.053	0.73	1	1	0.71	0.056	0.007	0.004	0.65	0.51	0.011	0.008	0.032	0.017	0.097	0.08	0.96	0.061	1	0.61	0.84	0.44	0.33	0.32	0.87	0.51	0.002	0.097	0.84	0.006	0.02	0.165	0.204	0.194	0.016	0.012	0.018	0.022	0.116	0.015	0	0.68	0.38	0.001	0.047	0.67	0.31	0.37	0.221	0.5	0.74	0.108	0.69	0.65	1	0.83	0.6	0.209	0.007	0.78
BCL2;-;up1000;down1000;dup0;+rnd408::18:60987630-60988241	0.42	0.018	0.64	0.222	1	0.168	0.38	0.361	0.368	0.3	0.083	1	0.71	0.118	0.137	0.076	0.092	0.146	0.143	0.142	0.124	0.058	0.99	0.009	0.207	0.69	0.61	0.66	0.93	0.55	0.95	0.82	1	0.91	0.003	0.168	0.013	0.001	0.002	0.001	1	0.001	1	0.01	0.001	0.318	0.005	0.007	0.01	0.003	0.01	0.022	0.004	0.001	0.001	0.001	1	0.026	0.2	0.35	0.32	0.086	0.96	0.3	0.135	0.59	0.063	0	1	0.93	0.201	0.66	0.026	0.062	0.036	0.036	0.031	0.037	0.046	0.015	0.8	0.91	0.55	0.03	0.139	0.158	0.82	0.47	0.71	0.42	0.006	0.073	0.012	0.273	0.43	1	0.63	0.31	0.7	0.112	1	0.81	0.49	0.203	0.171	0.205	0.57	0.77	1	1	0.31	0.253	0.35	0.37	0.44	0.119	1	0.153	0.49	0.45	0.14	0.112	0.95	0.88	0.041	0.011	0.061	0.014	0.57	0.64	0.212	0.151	0.345	0.86	0.94	0.58	0.44	0.73	0.81	0.36	0.88	0.39	0.79	0.021	0.132	0.061	0.238	0.58	0.111	0.007	0.41	0.146	0.063	0.044	0.167	0.52	0.039	0.79	0.078	0.062	0.241	0.89	0.054	0.315	0.154	0.116	0.4	0.68	0.042	0.259	0.68	0.295	0.047	0.64
BCL2;-;up1000;down1000;dup0;+rnd522::18:60987744-60988355	0.068	0	0.097	0.184	1	0.47	0.97	0.59	0.65	0.71	0.146	1	0.178	0.187	0.301	0.118	0.097	0.258	0.228	0.239	0.162	0.313	1	0.275	0.075	0.72	0.61	0.54	0.94	0.84	0.72	0.7	1	0.99	0.001	0.07	0.027	0.001	0.004	0.002	1	0.003	1	0.015	0.003	0.135	0.006	0.019	0.012	0.008	0.015	0.041	0.007	0.002	0.003	0.007	1	0.079	0.198	0.34	0.87	0.14	0.98	0.36	0.178	0.7	0.308	0.001	1	1	0.31	0.55	0.049	0.049	0.082	0.078	0.074	0.02	0.094	0.228	0.21	0.6	0.57	0.023	0.078	0.206	0.31	0.37	0.319	0.324	0.68	0.68	0.89	0.36	1	1	0.37	0.008	0	0.004	0.186	0.023	0.011	0.127	0.074	0.103	0.158	0.21	1	1	0.28	0.263	0.278	0.279	0.31	0.013	1	0.218	0.081	0.117	0.043	0.077	0.98	0.96	0.279	0.389	0.262	0.336	0.53	0.261	0.46	0.242	0.44	0.95	0.53	0.207	0.139	0.276	0.64	0.137	0.102	0.139	0.153	0.064	0.266	0.095	0.33	0.146	0.213	0.039	0.119	0.57	0.74	0.169	0.56	0.097	0.046	0.18	0.142	0.11	0.69	0.88	0.029	0.39	0.191	0.276	0.107	0.63	0.028	0.009	0.162	0.176	1	0.229
BCL2;-;up1000;down1000;dup0;+rnd593::18:60987815-60988426	0.062	0.009	0.098	0.261	0.52	0.216	0.47	0.23	0.34	0.283	0.3	1	0.143	0.323	0.38	0.145	0.146	0.282	0.34	0.38	0.143	0.129	1	0.193	0.057	0.66	0.74	0.49	0.92	0.6	0.67	0.69	1	0.95	0.068	0.208	0.178	0.065	0.109	0.076	1	0.124	1	0.035	0.063	0.73	0.31	0.048	0.03	0.01	0.009	0.192	0.008	0.118	0.11	0.239	0.226	0.059	0.3	0.56	0.65	0.83	0.98	0.68	0.109	0.13	0.92	0	1	0.94	0.34	0.128	0.114	0.5	0.132	0.125	0.175	0.48	0.221	0.113	0.11	0.59	0.53	0.031	0.101	0.206	0.18	0.263	0.46	0.225	0.006	0.31	0.21	0.48	0.77	1	0.45	0.005	0	0.004	0.203	0.03	0.013	0.139	0.095	0.258	0.46	0.191	1	1	0.3	0.284	0.28	0.295	0.4	0.006	0.003	0.02	0.023	0.043	0.116	0.043	0.97	0.83	0.54	0.45	0.46	0.68	0.45	0.75	0.47	0.148	0.51	0.89	0.272	0.176	0.097	0.151	0.5	0.077	0.051	0.167	0.092	0.232	0.33	0.154	0.017	0.264	0.139	0.015	0.062	0.44	0.53	0.117	0.58	0.055	0.047	0.02	0.34	0.119	0.68	0.95	0.002	0.89	0.149	0.242	0.099	0.61	0.055	0.002	0.069	0.38	1	0.157
BCL2;-;up1000;down1000;dup0;+rnd848::18:60988070-60988681	0.61	0.058	0.045	0.88	0.31	0.023	0.63	0.36	0.49	0.4	0.57	1	0.032	0.055	0.91	0.272	0.66	0.31	0.52	0.56	0.065	0.75	0.86	0.197	0.088	0.8	0.72	0.7	0.97	0.68	0.81	0.69	1	0.96	0.005	0.263	0.053	0.01	0.028	0.015	0.248	0.024	1	0.076	0.015	0.41	0.019	0.09	0.044	0.3	0.051	0.088	1	0.013	0.009	0.015	1	1	0.055	0.36	0.69	0.9	1	0.55	0.43	0.281	0.7	0.45	0.73	0.218	0.5	0.208	0.188	0.5	0.174	0.18	0.182	0.54	0.31	0.083	0.16	0.34	0.37	0.001	0.164	0.196	0.284	0.019	0.53	0.44	0.11	0.39	0.79	0.6	0.47	0.174	0.35	0.006	0.002	0.005	0.325	0.035	0.022	0.115	0.065	0.48	0.52	0.086	0.51	1	0.333	0.43	0.42	0.201	0.38	0.003	1	0.009	0.054	0.031	0.16	0.221	0.95	0.54	0.44	0.034	0.46	0.098	1	0.81	0.39	0.48	0.43	0.88	0.077	0.071	0.051	0.18	0.225	0.132	0.075	0.125	0.31	0.13	0.62	0.62	0.128	0.86	0.85	0.86	0.179	0.96	0.99	0.83	0.261	0.01	0.214	0.32	0.257	0.043	1	0.33	0.056	0.39	0.084	0.114	0.039	1	0.251	0.002	0.043	0.074	0.223	0.082
BCL2;-;up1000;down1000;dup0;+rnd886::18:60988108-60988719	0.55	0.047	0.068	0.85	0.265	0.026	0.49	0.098	0.275	0.216	0.165	1	0.08	0.042	0.78	0.3	0.6	0.44	0.38	0.4	0.043	0.015	0.91	0.56	0.039	0.74	0.87	0.53	0.95	0.9	0.7	0.66	1	0.96	0.002	0.106	0.062	0.012	0.025	0.013	0.286	0.016	1	0.061	0.008	0.41	0.028	0.1	0.047	1	0.059	0.106	1	0.011	0.008	0.015	0.126	1	0.022	0.4	0.95	0.97	1	0.81	0.085	0.36	0.317	0.74	0.89	0.43	0.64	0.192	0.284	0.57	0.35	0.3	0.37	0.7	0.41	0.06	0.146	0.44	0.3	0.017	0.094	0.155	0.273	0.054	0.46	0.72	0.174	0.5	0.54	0.67	0.74	0.312	0.133	0.014	0.003	0.006	0.31	0.073	0.037	0.266	0.145	0.42	0.49	0.135	0.36	1	0.62	0.43	0.261	0.235	0.097	0.001	1	0.011	0.098	0.005	0.198	0.45	0.98	0.63	0.47	0.059	0.67	0.121	1	0.77	0.111	0.132	0.57	0.98	0.127	0.056	0.046	0.102	0.19	0.108	0.049	0.135	0.196	0.242	0.54	0.41	0.3	0.78	0.83	0.94	0.156	1	0.98	0.213	0.049	0.064	0.038	0.053	0.54	0.048	1	0.67	0.031	0.039	0.034	0.116	0.033	0.55	0.047	0	0.042	0.136	0.258	0.104
DSEL;-;up1000;down1000;+rnd172::18:65184697-65185308	0.38	0.48	1	0.204	0.74	0.08	0.39	0.5	0.44	0.44	0.7	1	0.046	0.54	0.187	0.342	0.33	0.38	0.43	0.42	0.308	0.055	0.93	0.185	0.007	0.85	0.65	0.45	0.9	0.88	0.75	0.214	0.48	0.85	0.36	0.95	0.45	0.6	0.51	0.59	0.012	0.67	1	0.7	0.71	0.252	0.47	0.82	0.73	0.051	0.8	0.91	1	0.7	0.71	0.75	1	1	0.172	0.58	0.165	0.45	0.44	0.47	0.99	0.43	0.08	0.42	0.36	0.49	0.41	0.36	0.6	0.87	0.63	0.58	0.39	0.9	0.39	0.023	0.003	0.052	0.66	0.259	0.147	0.3	0.038	0.023	0.012	0.064	0.46	0.6	0.259	0.41	0.82	0.117	0.57	0.191	0.77	0.34	0.241	0.56	0.87	0.091	0.121	0.89	0.65	0.84	0.049	1	0.52	0.092	0.79	0.71	0.98	0.278	1	0.5	0.36	0.84	0.257	0.73	0.188	0.99	0.169	0.097	0.192	0.149	1	0.39	0.57	0.91	0.74	0.55	0.012	0	0	0.003	0	0	0.004	0.281	0.5	0.78	0.69	0.58	0.36	0.053	0.327	0.327	0.067	0.261	0.151	0.077	0.013	0.245	0.43	0.253	0.383	0.66	1	0.86	0.304	0.34	0.88	0.256	0.92	0.229	1	0.83	0.083	0.3	1	0.039
DSEL;-;up1000;down1000;+rnd172_dup0::18:65184697-65185308	0.34	0.47	1	0.37	0.45	0.094	0.39	0.226	0.123	0.114	0.69	1	0.41	0.46	0.159	0.59	0.33	0.48	0.8	0.81	0.235	0.049	0.94	0.66	0.61	0.57	0.83	0.55	0.71	0.93	0.96	0.219	0.33	0.87	0.255	0.9	0.38	0.5	0.39	0.48	0.6	0.43	1	0.135	0.42	0.184	0.45	0.74	0.7	0.088	0.75	0.77	1	0.55	0.63	0.52	1	1	0.259	0.66	0.103	0.77	0.97	0.81	0.62	0.74	0.132	0.258	0.249	0.35	0.46	0.177	0.263	0.81	0.212	0.37	0.264	0.83	0.258	0.05	0.83	0.271	0.62	0.265	0.162	0.3	0.084	0.017	0.037	0.029	0.55	0.72	0.81	0.71	1	0.166	0.46	0.67	0.92	0.59	0.34	0.81	0.81	0.35	0.39	0.9	0.68	0.97	0.107	0.004	0.52	0.089	0.95	0.72	0.53	0.36	1	0.51	0.52	0.71	0.104	0.63	0.17	0.98	0.9	0.68	0.75	0.39	1	0.35	0.59	0.78	0.74	0.52	0.123	0.65	0.43	0.097	0.59	0.63	0.75	0.58	0.84	0.76	0.8	0.69	0.133	0.114	0.32	0.47	0.103	0.105	0.14	0.065	0.018	0.47	0.36	0.39	0.64	0.8	1	0.96	0.42	0.214	0.83	0.89	0.86	1	1	0.85	0.337	0.33	1	0.43
DSEL;-;up1000;down1000;+rnd22::18:65184547-65185158	0.39	0.5	1	0.71	0.38	0.11	0.38	0.72	0.53	0.74	0.6	1	0.5	0.53	0.012	0.58	0.123	0.57	0.85	0.86	0.39	0.55	0.76	0.45	0.67	0.59	0.047	0.54	0.75	0.74	0.75	0.26	0.34	0.9	0.192	0.95	0.3	0.247	0.31	0.34	0.7	0.4	0.311	0.098	0.274	0.158	0.36	0.44	0.233	0.06	0.047	0.17	1	0.35	0.37	0.224	1	0.38	0.253	0.77	0.316	0.9	0.93	0.81	0.6	0.078	0.208	0.75	0.239	0.225	0.94	0.137	0.31	0.89	0.224	0.32	0.236	0.84	0.258	0.219	0.76	0.3	0.51	0.252	0.177	0.121	0.106	0.182	0.051	0.048	0	0.122	0.135	0.72	1	0.145	0.56	0.75	0.89	0.62	0.73	0.85	0.8	0.36	0.42	0.88	0.59	0.95	0.154	0.012	0.58	0.076	0.84	0.71	0.43	0.74	1	0.182	0.59	0.91	0.57	0.91	0.66	0.87	0.79	0.77	0.75	0.91	1	0.73	0.36	0.41	0.67	0.32	0.143	0.57	0.38	0.148	0.54	0.6	0.78	0.62	0.81	0.75	0.57	0.048	0	0.022	0.048	0.03	0.044	0.01	0.025	0.162	0.036	0.5	0.257	0.3	0.7	0.36	1	0.95	0.47	0.187	0.93	0.94	0.97	1	1	0.88	0.36	0.37	1	0.41
DSEL;-;up1000;down1000;+rnd26::18:65184551-65185162	0.55	0.71	1	0.82	0.053	0.06	0.36	0.68	0.48	0.59	0.5	1	0.53	0.82	0.008	0.59	0.146	0.54	0.81	0.79	0.6	0.045	0.56	0.69	0.83	0.61	0.058	0.5	0.75	0.87	0.75	0.265	0.34	0.85	0.39	0.94	0.41	0.47	0.44	0.5	0.69	0.51	0.295	0.112	0.4	0.186	0.48	0.48	0.37	0.06	0.134	0.214	1	0.55	0.6	0.43	1	0.217	0.265	0.64	0.309	0.81	0.93	0.91	0.62	0.164	0.113	0.7	0.257	0.206	0.46	0.31	0.37	0.89	0.43	0.45	0.36	0.89	0.43	0.25	0.74	0.37	0.69	0.42	0.091	0.134	0.34	0.098	0.38	0.043	0.001	0.175	0.16	0.89	1	0.162	0.48	0.77	0.89	0.8	0.64	0.76	0.78	0.4	0.43	0.94	0.49	0.91	0.101	0.014	0.43	0.023	0.074	0.74	0.46	0.176	1	0.298	0.56	0.73	0.66	0.91	0.66	0.97	0.82	0.82	0.8	0.88	1	0.5	0.34	0.33	0.65	0.69	0.21	0.62	0.52	0.121	0.55	0.67	0.83	0.61	0.8	0.87	0.52	0.057	0.003	0.045	0.049	0.041	0.074	0.015	0.049	0.116	0.021	0.47	0.253	0.3	0.76	0.35	1	0.93	0.57	0.06	0.83	0.83	0.94	1	1	0.78	0.7	0.93	1	0.66
DSEL;-;up1000;down1000;+rnd287::18:65184812-65185423	0.68	0.57	1	0.35	0.48	0.32	0.41	0.137	0.059	0.091	0.65	1	0.38	0.31	0.58	0.342	0.2	0.25	0.4	0.4	0.208	0.055	0.95	0.57	0.8	0.55	0.42	0.79	0.88	0.84	0.86	0.51	0.35	0.92	0.389	1	0.9	0.97	0.8	0.89	0.62	0.57	1	0.133	0.81	0.47	0.83	0.75	0.82	0.076	0.73	0.86	1	0.9	0.98	0.83	1	1	0.229	0.47	0.103	0.76	0.68	0.64	0.71	0.47	0.044	0.32	0.9	0.31	0.52	0.161	0.51	0.77	0.41	0.39	0.32	0.82	0.35	0.038	0.275	0.143	0.7	0.3	0.179	0.33	0.188	0.026	0.152	0.046	0.222	0.48	0.3	0.71	0.81	0.121	0.59	0.59	0.79	0.43	0.237	0.61	0.89	0.234	0.31	0.9	0.77	0.56	0.22	0.01	0.41	0.98	0.89	0.75	0.38	0.39	1	0.55	0.4	0.79	0.104	0.56	0.184	0.98	0.57	0.71	0.59	0.41	1	0.48	0.52	0.61	0.78	1	0.111	0.59	0.55	0.18	0.48	0.37	0.35	0.66	0.79	0.74	0.7	0.57	0.032	0.178	0.102	0.31	0.132	0.017	0.02	0.57	0.119	0.48	0.37	0.57	0.75	0.81	1	0.74	0.52	0.36	0.95	0.83	0.94	1	1	0.98	0.038	0.191	1	0.07
DSEL;-;up1000;down1000;+rnd365::18:65184890-65185501	0.67	0.43	1	0.235	0.58	0.33	0.31	0.293	0.276	0.318	0.67	1	0.39	0.35	0.226	0.4	0.34	0.169	0.65	0.66	0.202	0.078	0.95	1	0.67	0.44	0.42	0.82	0.86	0.62	0.91	0.54	0.311	0.91	0.45	0.79	0.73	0.57	0.34	0.46	0.68	0.226	1	0.35	0.5	0.76	0.51	0.83	0.42	0.067	0.314	0.95	1	0.46	0.49	0.38	1	1	0.218	0.63	0.41	0.74	0.94	0.77	0.54	0.72	0.105	0.39	0.86	0.55	0.51	0.274	0.77	0.84	0.81	0.79	0.64	0.9	0.58	0.061	0.257	0.129	0.6	0.51	0.34	0.137	0.163	0.023	0.103	0.054	0.38	0.56	0.54	0.79	0.83	0.238	0.34	0.76	0.95	0.74	0.217	0.62	0.54	0.77	0.78	0.72	0.72	0.3	0.162	0.01	0.3	0.99	0.85	0.38	0.42	0.34	1	0.47	0.43	0.82	0.45	0.62	0.184	1	0.66	0.82	0.75	0.47	1	0.38	0.57	0.67	0.89	0.7	0.169	0.55	0.66	0.272	0.57	0.5	0.37	0.57	0.75	0.67	0.92	0.79	0.046	0.114	0.57	0.3	0.195	0.023	0.027	0.63	0.115	0.39	0.37	0.4	0.75	0.81	1	0.59	0.54	0.208	0.98	0.95	0.98	1	1	0.93	0.04	0.3	1	0.062
DSEL;-;up1000;down1000;+rnd499::18:65185024-65185635	1	0.64	1	0.35	0.64	0.55	0.46	0.025	0.039	0.024	0.44	1	0.293	0.55	0.8	0.4	0.36	0.2	0.56	0.6	0.3	0.92	0.87	1	0.66	0.92	0.49	0.93	0.88	0.63	0.83	0.7	0.56	0.89	0.144	0.51	0.118	0.202	0.147	0.168	0	0.176	1	0.078	0.268	0.41	0.124	0.065	0.1	0.045	0.34	0.011	0.018	0.172	0.175	0.154	1	1	0.52	0.79	0.219	0.7	0.86	0.64	0.92	0.6	0.189	0.33	0.97	0.72	0.97	0.49	0.67	0.91	0.73	0.7	0.53	0.96	0.44	0.076	0.263	0.214	0.84	1	0.32	0.116	0.161	0.037	0.091	0.078	0.64	0.65	0.65	0.74	0.75	0.286	0.015	0.41	0.48	0.49	0.194	0.44	0.41	0.178	0.289	0.51	0.3	0.245	0.39	1	0.325	0.99	0.89	0.39	0.4	0.35	1	0.5	0.49	0.82	0.39	0.37	0.198	0.99	0.059	0.36	0.019	0.34	1	0.43	0.41	0.34	0.82	0.69	0.22	0.57	0.53	0.323	0.38	0.36	0.43	0.81	0.66	0.29	0.81	0.76	0.106	0.39	0.57	0.46	0.58	0.192	0.105	0.69	0.135	0.55	0.296	0.48	0.69	0.85	1	0.024	0.43	0.65	0.93	0.88	0.98	1	1	0.79	0.055	0.46	1	0.076
DSEL;-;up1000;down1000;+rnd520::18:65185045-65185656	1	0.61	1	0.71	0.82	0.69	0.8	0.029	0.05	0.027	0.58	1	0.265	0.61	0.231	0.274	0.68	0.121	0.52	0.51	0.098	0.98	0.94	1	0.7	0.98	0.58	0.97	0.9	0.57	0.98	0.71	0.52	0.95	0.146	0.195	0.212	0.42	0.46	0.35	0	0.41	1	0.129	0.38	0.63	0.32	0.069	0.132	0.093	0.75	0.013	0.021	0.3	0.32	0.205	1	1	0.322	0.6	0.222	0.73	0.88	0.73	0.95	0.84	0.292	0.303	0.72	0.56	0.79	0.31	0.63	0.91	0.59	0.61	0.44	0.92	0.4	0.109	0.202	0.181	0.72	0.53	0.127	0.119	0.32	0.165	0.052	0.086	0.76	0.75	0.8	0.84	0.78	0.298	0.022	0.42	0.64	0.44	0.211	0.49	0.51	0.202	0.32	0.61	0.2	0.202	0.34	1	0.39	0.4	0.88	0.5	0.44	0.33	1	0.62	0.45	0.84	0.4	0.47	0.82	1	0.26	0.74	0.9	0.41	1	0.34	0.351	0.31	0.85	0.91	0.177	0.6	0.7	0.43	0.4	0.39	0.35	0.83	0.62	0.49	0.93	0.98	0.186	0.51	0.69	0.48	0.46	0.36	0.232	0.71	0.145	0.55	0.235	0.37	0.77	0.82	1	0.03	0.41	0.83	0.89	0.87	0.98	1	1	0.68	0.035	0.49	1	0.042
DSEL;-;up1000;down1000;+rnd57::18:65184582-65185193	0.46	0.64	1	0.55	0.291	0.088	0.31	0.94	0.89	0.96	0.55	1	0.6	0.43	0.011	0.57	0.48	0.65	0.76	0.78	0.56	0.069	0.79	0.56	0.32	0.067	0.31	0.03	0.234	0.74	0.56	0.104	0.039	0.271	0.311	0.87	0.6	0.43	0.51	0.41	0.74	0.43	0.12	0.134	0.38	0.211	0.68	0.45	0.278	0.053	0.066	0.228	0.058	0.45	0.48	0.33	1	0.241	0.033	0.7	0.34	0.76	0.94	0.79	0.67	0.128	0.32	0.84	0.04	0.158	0.65	0.14	0.45	0.95	0.32	0.36	0.239	0.96	0.39	0.097	0.66	0.134	0.56	0.42	0.175	0.146	0.12	0.188	0.092	0.047	0	0.142	0.159	0.73	1	0.158	0.53	0.21	0.86	0.34	0.36	0.32	0.164	0.273	0.33	0.91	0.53	0.92	0.21	0.012	0.062	0.001	0.001	0.005	0.64	0.83	1	0.186	0.52	0.73	0.59	0.89	0.188	0.51	0.84	0.79	0.89	0.89	1	0.64	0.52	0.38	0.87	0.71	0.147	0.47	0.45	0.105	0.64	0.53	0.73	0.046	0.81	0.248	0.69	0.238	0	0.057	0.049	0.101	0.065	0.018	0.057	0.78	0.033	0.36	0.231	0.36	0.57	0.41	1	0.93	0.36	0.3	0.93	0.86	0.98	1	1	0.49	0.34	0.41	1	0.42
DSEL;-;up1000;down1000;+rnd601::18:65185126-65185737	1	0.77	1	0.42	0.82	0.96	0.75	0.014	0.05	0.036	0.56	1	0.4	0.89	0.84	0.62	0.67	0.31	0.4	0.42	0.52	0.217	0.83	1	0.4	0.63	0.64	0.92	0.88	0.78	0.99	0.81	0.46	0.92	0.136	0.62	0.107	0.152	0.096	0.137	0.001	0.14	1	0.064	0.185	0.97	0.098	0.071	0.078	0.158	0.31	0.006	0.012	0.142	0.149	0.108	1	1	0.59	0.9	0.282	0.72	0.88	0.36	0.71	0.86	0.238	0.041	0.32	0.59	0.52	0.69	0.53	1	0.76	0.78	0.62	1	0.46	0.064	0.39	0.205	0.62	0.59	0.296	0.056	0.39	0.039	0.52	0.32	0.85	0.65	0.8	0.38	0.57	0.41	0.023	0.69	0.83	0.61	0.198	0.47	0.36	0.221	0.37	0.48	0.33	0.229	0.46	1	0.48	0.92	0.92	0.65	0.6	0.72	0.178	0.67	0.67	0.74	0.015	0.276	0.137	0.49	0.57	0.73	0.44	0.39	1	0.33	0.46	0.247	0.65	0.79	0.246	0.79	0.85	0.48	0.55	0.57	0.34	0.82	0.84	0.48	0.8	0.79	0.38	0.74	0.56	0.263	0.76	0.235	0.147	0.37	0.77	0.93	0.199	0.46	0.7	0.77	0.049	0.19	0.4	0.97	0.9	0.97	0.92	1	1	0.74	0.059	0.161	1	0.069
INO80C;-;up1000;down1000;+rnd12::18:33077781-33078392	0.169	0.079	0.4	0.39	0.096	0.09	0.78	0.39	0.29	0.42	0.023	0.086	0.004	0.68	0.89	0.51	0.69	0.84	0.65	0.7	0.064	0.37	0.22	0.43	0.44	0.007	0.061	0.061	0.245	0.141	0.022	0.049	0.083	0.183	0.194	0.64	0.013	0.088	0.139	0.077	0.136	0.144	0.002	0.001	0.076	0.43	0.028	0.032	0.045	0.042	0.132	0.001	0.058	0.086	0.088	0.11	0.264	1	0.184	0.277	0.34	0.95	0.97	0.63	0.149	0.101	0.13	0.39	0.074	0.38	0.55	0.084	0.74	0.79	0.78	0.7	0.78	0.67	0.66	0.65	0.173	0.024	0.54	0.095	0.286	1	0.233	0.44	0.41	0.62	0.082	0.194	0.249	0.7	0.318	1	0.44	0.32	0.69	0.235	0.43	0.32	0.33	0.258	0.3	0.304	0.141	0.47	0.166	1	0.76	0.82	0.88	0.81	0.84	0.58	1	0.272	0.01	0.45	0.02	0.198	0.56	0.55	0.4	0.51	0.8	0.58	1	0.62	0.46	0.92	0.36	0.67	0.151	0.032	0.08	0.176	0.025	0.019	0.4	0.02	0.57	0.032	0.035	0.002	0.001	0.005	0.022	0.001	0.002	0.007	0.01	0.104	0.016	0.97	0.79	0.99	0.3	0.209	1	0.261	0.214	0.142	0.58	0.214	0.059	0.175	1	0.39	0.24	0.257	0.171	0.053
INO80C;-;up1000;down1000;+rnd275::18:33078044-33078655	0.36	0.136	0.283	0.287	0.077	0.099	0.54	0.63	0.76	0.72	0.036	0.017	0	0.144	0.62	0.59	0.83	0.76	0.59	0.61	0.058	0.035	0.296	0.084	0.34	0.92	0.52	0.8	0.9	0.69	0.72	0.47	1	0.94	0.088	0.51	0.32	0.175	0.11	0.167	1	0.103	0.058	0.055	0.171	0.186	0.179	0.44	0.42	0.303	0.187	0.33	1	0.204	0.212	0.57	1	0.187	0.178	0.41	0.55	0.88	0.76	0.61	0.224	0.307	0.02	0.89	0.047	0.023	0.087	0.153	0.156	0.61	0.21	0.193	0.171	0.37	0.214	0.9	0.101	0.016	0.91	0.049	0.249	0.272	0.187	0.4	0.36	0.201	0.133	0.294	0.208	0.58	0.5	1	0.46	0.296	0.53	0.207	0.44	0.312	0.3	0.164	0.251	0.69	0.094	0.268	0.088	1	0.34	0.81	0.83	0.33	0.87	0.235	1	0.09	0.05	0.34	0.012	0.13	0.34	0.101	0.35	0.14	0.57	0.37	1	0.6	0.92	0.89	0.96	0.93	0.02	0.021	0.02	0.025	0.014	0.008	0.197	0.8	0.174	0.227	0.309	0.57	0.145	0.4	0.088	0.038	0.315	0.266	0.264	0.165	0.027	0.91	0.148	0.04	0.234	0.54	1	0.97	0.078	0.207	0.69	0.091	0.063	0.35	1	0.67	0.155	0.52	0.3	0.33
INO80C;-;up1000;down1000;+rnd28::18:33077797-33078408	0.36	0.204	0.35	0.286	0.105	0.161	0.92	0.76	0.83	0.79	0.065	0.074	0.004	0.244	0.71	0.89	0.93	0.81	0.87	0.95	0.066	0.039	0.293	0.49	0.39	0.005	0.006	0.07	0.266	0.148	0.052	0.051	0.088	0.221	0.217	0.63	0.191	0.42	0.37	0.38	0.194	0.38	0.021	0.065	0.215	0.161	0.31	0.56	0.61	0.41	0.59	0.48	1	0.36	0.46	0.64	1	1	0.195	0.148	0.35	0.97	0.97	0.71	0.156	0.122	0.084	0.43	0.071	0.183	0.114	0.127	0.327	0.77	0.34	0.36	0.31	0.7	0.32	0.57	0.173	0.013	0.52	0.093	0.285	1	0.065	0.274	0.145	0.37	0.077	0.267	0.224	0.58	0.64	1	0.51	0.34	0.63	0.261	0.45	0.33	0.311	0.5	0.53	0.58	0.125	0.276	0.056	1	0.11	0.135	0.263	0.21	0.78	0.61	1	0.048	0.014	0.5	0.025	0.137	0.53	0.5	0.41	0.19	0.321	0.59	1	0.58	0.53	0.83	0.41	0.99	0.123	0.031	0.103	0.17	0.022	0.012	0.44	0.022	0.39	0.191	0.51	0.6	0.002	0.013	0.03	0	0.004	0.005	0.015	0.044	0.005	0.95	0.74	0.97	0.262	0.217	0.42	0.94	0.43	0.3	0.63	0.197	0.051	0.16	1	0.38	0.209	0.47	0.204	0.053
INO80C;-;up1000;down1000;+rnd29::18:33077798-33078409	1	0.32	0.39	0.88	0.076	0.078	0.95	0.6	0.72	0.71	0.215	0.152	0.023	0.126	0.65	0.74	0.77	0.85	0.81	0.84	0.054	0	0.245	0.48	0.13	0.002	0.009	0.057	0.252	0.127	0.059	0.045	0.077	0.191	0.42	0.77	0.41	0.7	0.76	0.71	0.174	0.52	0.025	0.056	0.227	0.7	0.64	0.6	0.54	1	0.75	0.62	1	0.63	0.49	0.63	1	1	0.067	0.34	0.31	0.95	0.92	0.7	0.274	0.106	0.028	0.48	0.46	0.074	0.095	0.71	0.32	0.86	0.38	0.43	0.34	0.74	0.37	0.64	0.253	0.022	0.216	0.068	0.3	1	0.254	0.36	0.32	0.75	0.138	0.52	0.36	0.58	0.48	1	0.322	0.38	0.57	0.226	0.32	0.35	0.245	0.138	0.23	0.46	0.13	0.275	0.14	1	0.97	0.72	0.75	0.79	0.73	0.61	1	0.044	0.011	0.63	0.018	0.128	0.58	0.46	0.283	0.044	0.297	0.244	1	0.58	0.37	0.65	0.199	0.98	0.092	0.127	0.08	0.104	0.31	0.031	0.45	0.017	0.229	0.253	0.171	0.159	0.012	0.031	0.119	0.002	0.016	0.02	0.055	0.122	0.016	0.68	0.8	0.84	0.243	0.203	0.46	1	0.139	0.166	0.63	0.184	0.061	0.175	1	0.82	0.233	0.6	1	0.046
INO80C;-;up1000;down1000;+rnd2::18:33077771-33078382	0.31	0.199	0.37	0.32	0.102	0.076	0.98	0.63	0.76	0.67	0.068	0.081	0.004	0.167	0.6	0.78	0.91	0.81	0.82	0.85	0.064	0.033	0.37	0.35	0.35	0.006	0.007	0.049	0.251	0.107	0.017	0.041	0.07	0.205	0.228	0.71	0.202	0.44	0.37	0.37	0.198	0.31	0.018	0.066	0.244	0.164	0.255	0.7	0.83	0.36	0.59	0.45	1	0.38	0.46	0.58	1	1	0.2	0.31	0.339	0.93	0.96	0.63	0.162	0.119	0.046	0.94	0.078	0.086	0.088	0.141	0.3	0.78	0.36	0.37	0.3	0.66	0.31	0.56	0.181	0.01	0.71	0.118	0.32	1	0.057	0.285	0.041	0.38	0.098	0.289	0.194	0.57	0.52	1	0.6	0.33	0.58	0.248	0.36	0.42	0.37	0.305	0.32	0.53	0.147	0.31	0.067	1	0.91	0.85	0.86	0.98	0.74	0.48	1	0.045	0.011	0.84	0.021	0.15	0.66	0.5	0.35	0.158	0.323	0.46	1	0.6	0.55	0.93	0.39	0.59	0.133	0.033	0.08	0.164	0.024	0.016	0.4	0.023	0.75	0.234	0.49	0.58	0.004	0.001	0.041	0	0.003	0.006	0.006	0.056	0.007	0.97	0.83	0.92	0.274	0.153	0.44	0.262	0.201	0.272	0.52	0.162	0.058	0.156	1	0.39	0.25	0.51	0.198	0.042
INO80C;-;up1000;down1000;+rnd402::18:33078171-33078782	1	0.38	0.45	0.9	0.046	0.182	0.62	0.31	0.323	0.34	0.081	0.07	0.021	0.31	0.031	0.96	0.91	0.95	0.75	0.86	0.35	0.026	0.95	0.094	0.062	0.82	0.58	0.65	0.85	0.62	0.53	0.45	1	0.8	0.213	0.69	0.14	0.279	0.31	0.32	0.14	0.308	0.015	0.038	0.144	0.018	0.234	0.54	0.41	0.12	0.43	0.59	1	0.327	0.31	0.39	1	0.187	0.221	0.81	0.82	1	0.66	0.98	0.165	0.46	0.066	1	0.038	0.3	0.005	0.069	0.149	0.92	0.186	0.14	0.147	0.71	0.211	0.64	0.054	0.04	0.89	0.34	0.73	0.253	0.062	0.16	0.42	0.67	0.35	0.46	0.4	0.95	0.42	0.35	0.46	0.118	0.182	0.161	1	0.38	0.36	0.164	0.242	0.57	0.49	0.53	0.3	1	0.34	0.83	0.89	0.323	0.64	0.206	1	0.031	0.053	0.5	0.022	0.116	0.91	0.197	0.93	0.34	0.3	0.48	1	0.51	0.85	0.72	0.83	0.99	0.025	0.098	0.064	0.066	0.34	0.046	0.178	0.37	0.5	0.41	0.54	0.56	0.57	0.37	0.82	0.64	0.244	0.74	0.78	0.008	0.003	0.44	0.5	0.069	0.82	0.66	1	0.8	0.031	0.338	0.73	0.194	0.66	0.3	1	0.91	0.03	0.44	0.286	0.044
INO80C;-;up1000;down1000;+rnd449::18:33078218-33078829	1	0.196	0.45	0.53	0.127	0.161	0.54	0.321	0.274	0.369	0.067	0.103	0.035	0.3	0.031	0.93	0.91	0.95	0.72	0.78	0.33	0.026	0.94	0.12	0.068	0.83	0.48	0.77	0.97	0.72	0.82	0.63	1	0.95	0.229	0.65	0.142	0.259	0.254	0.295	0.126	0.37	0.021	0.034	0.15	0.033	0.208	0.56	0.44	0.23	0.31	0.55	1	0.31	0.34	0.39	1	0.163	0.38	0.84	0.76	1	0.71	0.94	0.134	0.47	0.086	0.99	0.045	0.064	0.008	0.134	0.156	0.92	0.187	0.133	0.163	0.72	0.23	0.94	0.053	0.036	0.96	0.236	0.72	0.34	0.084	0.164	0.46	0.275	0.44	0.36	0.48	0.92	0.52	1	0.12	0.115	0.166	0.16	1	0.227	0.264	0.148	0.231	0.56	0.42	0.049	0.265	1	0.38	0.95	0.82	0.37	0.4	0.201	1	0.153	0.06	0.33	0.018	0.136	0.93	0.173	0.67	0.44	0.212	0.47	1	0.42	0.68	0.62	0.82	0.96	0.016	0.107	0.046	0.048	0.113	0.044	0.183	0.31	0.46	0.43	0.32	0.42	0.81	0.41	0.73	0.77	0.35	0.88	0.8	0.045	0.005	0.41	0.41	0.026	0.68	0.71	1	0.85	0.06	0.38	0.86	0.222	0.74	0.281	0.116	0.36	0.026	0.33	0.267	0.046
INO80C;-;up1000;down1000;+rnd465::18:33078234-33078845	1	0.49	0.57	0.48	0.093	0.085	0.46	0.242	0.164	0.302	0.046	0.038	0.027	0.36	0.031	0.34	0.79	0.66	0.46	0.47	0.4	0.025	0.67	0.222	0.079	0.87	0.49	0.8	0.69	0.65	0.77	0.68	1	0.61	0.155	0.92	0.006	0.074	0.123	0.077	0.094	0.136	0.004	0.003	0.067	0.191	0.047	0.032	0.038	0.039	0.125	0.002	0.046	0.081	0.083	0.091	1	0.147	0.36	0.84	0.62	0.3	0.43	0.72	0.31	0.53	0.066	0.88	0.085	0.192	0.008	0.158	0.158	0.82	0.191	0.147	0.154	0.77	0.222	0.99	0.08	0.001	0.93	0.4	0.64	0.276	0.008	0.052	0.019	0.066	0.46	0.44	0.43	0.59	0.52	1	0.152	0.108	0.158	0.131	1	0.256	0.286	0.16	0.24	0.81	0.41	0.53	0.238	1	0.309	0.83	0.82	0.34	0.204	0.229	1	0.158	0.028	0.35	0.006	0.074	0.9	0.169	0.77	0.43	0.6	0.43	1	0.45	0.51	0.59	0.303	0.93	0.01	0.033	0.021	0.012	0.147	0.053	0.21	0.59	0.49	0.052	0.187	0.068	0.81	0.42	0.58	0.92	0.65	0.78	0.55	0.097	0.014	0.371	0.41	0.002	0.5	0.68	1	0.84	0.024	0.48	0.65	0.256	0.71	0.31	0.161	0.4	0.025	0.38	0.245	0.043
INO80C;-;up1000;down1000;+rnd470::18:33078239-33078850	1	0.44	0.39	0.5	0.102	0.166	0.77	0.273	0.254	0.39	0.067	0.156	0.33	0.35	0.025	0.92	0.99	0.94	0.84	0.86	0.062	0.032	0.93	0.024	0.104	0.33	0.6	0.58	0.84	0.44	0.57	0.202	0.235	0.81	0.183	0.66	0.124	0.23	0.244	0.286	0.143	0.33	0.011	0.033	0.142	0.027	0.196	0.57	0.38	0.237	0.41	0.54	1	0.293	0.32	0.31	1	0.089	0.206	0.79	0.69	1	0.83	0.99	0.264	0.41	0.079	0.96	0.037	0.054	0.011	0.07	0.134	0.75	0.162	0.126	0.129	0.68	0.189	1	0.084	0.033	0.96	0.024	0.41	1	0.82	0.179	0.75	0.045	0.36	0.35	0.37	0.95	0.58	1	0.077	0.123	0.194	0.171	1	0.33	0.33	0.142	0.223	0.87	0.48	0.45	0.31	1	0.33	0.72	0.49	0.297	0.36	0.63	1	0.146	0.051	0.33	0.013	0.094	0.85	0.058	0.61	0.42	0.195	0.34	1	0.59	0.81	0.55	0.79	0.97	0.024	0.105	0.05	0.061	0.147	0.063	0.157	0.071	0.31	0.211	0.339	0.358	0.49	0.43	0.57	0.61	0.191	0.66	0.43	0.056	0.002	0.36	0.51	0.047	0.72	0.47	1	0.54	0.054	0.39	0.78	0.053	0.196	0.3	0.132	0.25	0.075	0.53	0.32	0.061
INO80C;-;up1000;down1000;+rnd574::18:33078343-33078954	0.64	0.58	0.39	0.55	0.68	0.33	0.163	0.099	0.089	0.089	0.056	0.208	0.032	0.188	0.4	0.35	0.62	0.073	0.145	0.151	0.341	0.04	0.98	0.022	0.07	0.83	0.54	0.78	0.92	0.81	0.65	0.55	1	0.89	0.071	0.84	0.51	0.57	0.62	0.58	0.44	0.44	0.24	0.066	0.202	0.167	0.64	0.7	0.57	0.176	0.62	0.63	0.195	0.58	0.56	0.65	1	0.158	0.197	0.65	0.119	0.175	0.265	0.102	0.34	0.47	0.131	0.93	0.101	0.123	0.079	0.157	0.178	0.55	0.259	0.207	0.214	0.42	0.123	1	0.05	0.058	0.183	0.184	0.47	0.244	0.162	0.4	0.126	0.33	0.4	0.46	0.64	0.168	0.74	1	0.123	0.127	0.2	0.237	1	0.094	0.228	0.191	0.276	0.85	0.57	0.89	0.7	1	0.306	0.75	0.69	0.301	0.279	0.182	1	0.189	0.006	0.64	0.21	0.33	0.42	0.3	0.39	0.189	0.5	0.42	1	0.34	0.62	0.57	0.54	0.66	0.009	0.023	0.012	0.033	0.09	0.033	0.113	0.34	0.216	0.251	0.45	0.59	1	0.86	0.92	0.94	0.99	0.94	0.9	0.119	0.072	0.3	0.362	0.015	0.089	0.47	0.55	0.96	0.003	0.7	0.72	0.57	0.64	0.009	0.141	0.095	0.032	0.257	0.193	0.026
RNF165;+;up1000;down1000;+rnd132::18:43907003-43907614	0.74	0.99	1	0.71	0.63	0.101	0.74	0.97	0.93	0.94	0.003	0.089	0.168	0.017	0.57	0.155	0.48	0.191	0.211	0.213	0.43	0.079	0.9	0.47	0.031	0.132	0.69	0.4	0.62	0.65	0.45	0.68	0.42	0.63	0.31	0.67	0.267	0.314	0.183	0.233	1	0.18	0.39	0.018	0.248	0.98	0.24	0.63	0.62	0.34	0.266	0.55	1	0.246	0.256	0.63	1	1	0.73	0.79	0.33	0.47	0.5	0.5	0.72	0.73	0.006	0.094	0.1	0.126	0.73	0.099	0.85	0.98	0.9	0.9	0.92	0.97	0.73	0.143	0.045	0.012	0.96	0.01	0.36	0.063	0.51	0.78	0.7	0.37	0.32	0.73	0.46	0.4	0.38	0.039	0	0.163	0.025	0.46	0.032	0.44	0.37	0.08	0.083	0.071	0.076	0.76	0.45	1	0.33	0.58	0.66	0.78	0.88	0.87	1	0.83	0.42	0.49	0.86	0.7	0.91	0.33	0.87	0.191	0.64	0.132	0.219	0.185	0.13	0.51	0.35	0.33	0.64	0.004	0.002	0.013	0.011	0.082	0.057	0.67	0.49	0.41	0.293	0.181	0.35	0.158	0.193	0.72	0.48	0.229	0.107	0.32	0.115	0.131	0.057	0.004	0.54	0.58	0.283	0.59	0.008	0.63	0.99	0.3	0.51	0.39	0.145	0.241	0.123	0.249	0.054	0.129
RNF165;+;up1000;down1000;+rnd190::18:43907061-43907672	0.7	0.79	1	0.75	0.256	0.147	0.122	0.76	0.63	0.58	0.89	1	0.179	0.022	0.58	0.113	0.301	0.119	0.207	0.205	0.36	0.094	0.94	0.67	0.023	0.147	0.76	0.106	0.43	0.47	0.39	0.4	0.48	0.4	0.208	0.5	0.227	0.137	0.039	0.123	1	0.107	0.263	0.32	0.168	0.34	0.192	1	0.32	0.077	0.12	1	1	0.154	0.3	0.272	1	1	0.66	0.79	0.291	0.47	0.46	0.099	0.83	0.97	0.294	0.122	0.095	0.208	0.56	0.092	0.69	0.241	0.87	0.74	0.8	0.152	0.45	0.15	0.289	1	0.94	0.012	0.371	0.063	0.48	0.76	0.59	0.32	0.78	0.67	0.35	0.147	0.35	0.03	0	0.155	0.034	0.34	0.02	0.31	0.272	0.201	0.149	0.234	0.47	0.68	0.4	1	0.78	0.52	0.52	0.43	0.6	0.86	1	0.103	0.3	0.55	0.92	0.64	0.91	0.5	0.56	0.13	0.59	0.09	0.242	0.202	0.097	0.54	0.3	0.37	0.56	0.101	0.04	0.023	0.4	0.35	0.114	0.58	0.52	0.39	0.333	0.242	0.55	0.165	0.3	0.89	0.37	0.39	0.204	0.44	0.123	0.06	0.051	0.016	0.061	0.53	1	0.73	0.016	0.4	1	0.42	0.52	0.41	0.142	0.059	0.268	0.32	0.06	0.58
RNF165;+;up1000;down1000;+rnd1::18:43906872-43907483	0.69	0.64	0.63	0.85	0.88	0.187	0.79	0.93	0.77	0.88	0.035	0.164	0.247	0.37	0.41	0.099	0.35	0.11	0.175	0.164	0.36	0.38	0.99	0.64	0.68	0.13	0.87	0.41	0.4	0.31	0.24	0.63	0.44	0.44	0.3	0.96	0.242	0.249	0.153	0.215	1	0.167	0.248	0.077	0.236	0.55	0.216	0.261	0.3	0.077	0.239	0.34	0.152	0.237	0.249	0.57	1	0.05	0.87	0.77	0.47	0.26	0.42	0.265	0.4	0.97	0.021	0.091	0.067	0.102	0.82	0.3	0.32	0.47	0.62	0.43	0.39	0.32	0.265	0.37	0.54	1	0.93	0.028	0.48	1	0.9	0.94	0.92	0.31	0.211	0.18	0.269	0.172	0.68	0.021	0.033	0.32	0.068	0.41	0.03	0.33	0.31	0.093	0.078	0.81	0.56	0.95	0.35	1	0.35	0.6	0.66	0.34	0.71	0.7	1	0.34	0.73	0.259	0.4	0.33	0.99	0.3	0.67	0.57	0.48	0.52	1	0.91	0.201	0.36	0.323	0.286	0.222	0.162	0.068	0.029	0.49	0.46	0.119	0.266	0.94	0.63	0.061	0.097	0.39	0.257	0.33	0.55	0.182	0.256	0.132	0.153	0.042	0.81	1	0.021	0.42	0.72	1	0.33	0.033	0.281	0.56	0.276	0.64	0.31	1	0.3	0.71	0.62	0.021	0.89
RNF165;+;up1000;down1000;+rnd214::18:43907085-43907696	0.41	0.81	1	0.66	0.247	0.36	0.12	0.72	0.54	0.5	0.77	0.073	0.184	0.016	0.66	0.212	0.38	0.226	0.75	0.75	0.42	0.081	0.96	0.64	0.034	0.14	0.92	0.113	0.4	0.47	0.35	0.45	0.47	0.39	0.226	0.7	0.21	0.134	0.03	0.113	1	0.094	0.33	0.417	0.191	0.61	0.205	0.6	0.5	0.094	0.144	0.51	1	0.135	0.268	0.32	1	1	0.71	0.69	0.34	0.57	0.65	0.121	0.52	0.97	0.147	0.095	0.078	0.221	0.45	0.054	0.76	0.259	0.91	0.89	0.85	0.155	0.76	0.247	0.04	0.012	0.92	0.014	0.44	0.067	0.42	0.69	0.55	0.302	0.83	0.66	0.38	0.173	0.39	0.04	0.003	0.16	0.015	0.43	0.032	0.34	0.31	0.155	0.13	0.245	0.7	0.31	0.33	1	0.62	0.6	0.66	0.39	0.87	0.91	1	0.31	0.34	0.63	0.92	0.73	0.91	0.55	0.69	0.186	0.64	0.118	0.252	0.222	0.159	0.57	0.43	0.327	0.71	0.01	0.004	0.011	0.019	0.064	0.06	0.58	0.51	0.39	0.43	0.179	0.71	0.107	0.32	0.84	0.38	0.288	0.11	0.43	0.176	0.117	0.058	0.002	0.062	0.57	1	0.83	0.006	0.79	1	0.35	0.5	0.337	0.132	0.043	0.152	0.28	0.077	0.144
RNF165;+;up1000;down1000;+rnd432::18:43907303-43907914	0.23	0.49	1	0.72	0.22	0.46	0.06	0.96	0.8	0.76	0.37	0.025	0.37	0.046	0.007	0.32	0.53	0.5	0.79	0.74	0.89	0.211	0.97	1	0.56	0.142	0.59	0.143	0.32	0.252	0.124	0.142	0.45	0.31	0.3	0.4	0.36	0.43	0.32	0.43	0.073	0.39	0.31	0.41	0.4	0.085	0.44	0.59	0.76	0.6	0.234	0.66	1	0.42	0.43	0.68	1	1	0.91	0.46	0.61	0.52	0.58	0.89	0.58	0.62	0.058	0.131	0.58	0.99	0.138	0.64	0.37	0.51	0.36	0.39	0.38	0.41	0.273	0.143	0.01	0.002	0.98	0.64	0.76	0.147	0.133	0.71	0.3	0.64	0.41	0.325	0.292	0.67	0.73	0.42	0.266	0.277	0.078	0.188	0.5	0.48	0.4	0.48	0.35	0.38	0.71	0.3	0.69	1	0.55	0.7	0.69	0.69	0.3	0.81	1	0.241	0.215	0.85	0.049	0.029	0.96	0.91	0.69	0.3	0.61	0.287	1	0.66	0.122	0.39	0.3	0.38	0.72	0.003	0.001	0.002	0.002	0.026	0.007	0.65	0.39	0.92	0.084	0.35	0.7	0.048	0.68	0.37	0.128	0.42	0.278	0.74	0.174	0.61	0.39	0.072	0.74	0.69	1	0.277	0.012	0.46	0.96	0.93	0.95	0.186	0.128	0.39	0.031	0.37	0.106	0.032
RNF165;+;up1000;down1000;+rnd517::18:43907388-43907999	0.35	0.45	1	0.49	0.35	0.68	0.091	0.8	0.59	0.52	0.213	0.025	0.179	0.041	0.01	0.256	0.4	0.38	0.69	0.69	1	0.44	0.95	1	0.6	0.069	0.6	0.035	0.007	0.009	0.035	0.007	0.071	0.005	0.132	0.61	0.179	0.159	0.064	0.218	0.015	0.213	0.133	0.41	0.31	0.267	0.32	0.55	0.65	0.112	0.235	0.62	1	0.3	0.48	0.41	1	1	0.115	0.69	0.66	0.45	0.6	0.158	0.99	0.87	0.042	0.76	0.074	0.83	0.197	0.72	0.38	0.184	0.3	0.4	0.37	0.093	0.297	0.027	0.016	0.005	0.9	0.55	0.66	0.149	0.044	0.78	0.038	0.69	0.53	0.62	0.314	0.218	0.36	1	0.32	0.221	0.055	0.155	0.42	0.44	0.3	0.6	0.38	0.263	0.64	0.32	0.099	1	0.47	0.99	0.89	0.67	0.69	0.8	1	0.52	0.06	0.92	0.053	0.018	0.93	0.81	0.66	0.58	0.66	0.48	0.286	0.55	0.16	0.277	0.242	0.286	0.67	0.001	0.002	0.008	0.004	0.015	0.02	0.224	0.44	0.99	0.082	0.41	0.148	0.019	0.38	0.48	0.146	0.094	0.035	0.41	0.183	0.61	0.195	0.083	0.12	0.63	1	0.064	0.016	0.71	0.8	0.97	0.75	0.225	0.1	0.061	0.041	0.042	0.47	0.044
RNF165;+;up1000;down1000;+rnd526::18:43907397-43908008	0.187	0.44	1	0.37	0.33	0.69	0.091	0.85	0.66	0.64	0.175	0.028	0.272	0.05	0.003	0.5	0.306	0.48	0.75	0.75	0.98	0.4	0.93	0.73	0.52	0.115	0.47	0.159	0.65	0.37	0.47	0.137	0.36	0.73	0.245	0.4	0.256	0.215	0.118	0.265	0.014	0.235	0.033	0.58	0.3	0.31	0.306	0.46	0.73	0.74	0.21	0.53	1	0.295	0.32	0.49	1	1	0.94	0.78	0.8	0.46	0.61	0.168	0.9	0.83	0.043	0.74	0.12	0.89	0.212	0.56	0.42	0.174	0.42	0.47	0.4	0.079	0.3	0.074	0.009	0.004	0.82	0.58	0.74	0.157	0.047	0.66	0.038	0.68	0.62	0.49	0.52	0.207	0.32	0.32	0.3	0.206	0.058	0.151	0.39	0.43	0.35	0.233	0.159	0.37	0.68	0.3	0.129	1	0.8	0.98	0.79	0.89	0.66	0.51	1	0.52	0.236	0.98	0.035	0.018	1	0.8	0.88	0.86	0.75	0.84	1	0.54	0.144	0.275	0.261	0.44	0.73	0.002	0	0.001	0.003	0.029	0.02	0.54	0.32	0.57	0.078	0.37	0.3	0.013	0.53	0.58	0.143	0.106	0.042	0.61	0.3	0.57	0.34	0.085	0.123	0.71	1	0.235	0.009	0.53	0.68	0.73	0.77	0.185	0.126	0.076	0.035	0.061	0.347	0.04
RNF165;+;up1000;down1000;+rnd533::18:43907404-43908015	0.193	0.41	1	0.21	0.41	0.74	0.098	0.79	0.61	0.59	0.223	0.023	0.232	0.045	0.006	0.218	0.322	0.4	0.78	0.78	0.98	0.45	0.94	1	0.5	0.105	0.41	0.055	0.46	0.222	0.131	0.127	0.35	0.35	0.192	0.35	0.178	0.202	0.086	0.3	0.017	0.233	0.138	0.43	0.35	0.35	0.33	0.56	0.57	0.13	0.226	0.58	1	0.33	0.4	0.51	1	1	0.91	0.74	0.71	0.34	0.48	0.168	0.95	0.8	0.051	0.82	0.119	0.84	0.199	0.78	0.35	0.181	0.32	0.36	0.4	0.085	0.3	0.049	0.006	0.003	0.94	0.56	0.74	0.151	0.028	0.77	0.032	0.61	0.57	0.51	0.48	0.214	0.37	0.43	0.3	0.191	0.066	0.154	0.42	0.43	0.32	0.31	0.17	0.316	0.59	0.38	0.112	1	0.52	0.88	0.57	0.64	0.58	0.51	1	0.58	0.203	1	0.042	0.015	0.98	0.76	0.67	0.53	0.76	0.5	1	0.52	0.164	0.38	0.246	0.63	0.57	0.002	0.002	0.004	0	0.014	0.011	0.45	0.36	0.99	0.096	0.34	0.34	0.056	0.5	0.54	0.123	0.132	0.063	0.61	0.093	0.53	0.3	0.064	0.119	0.69	1	0.238	0.012	0.47	0.62	0.8	0.78	0.202	0.109	0.074	0.029	0.36	0.43	0.03
RNF165;+;up1000;down1000;+rnd540::18:43907411-43908022	0.236	0.4	1	0.218	0.43	0.73	0.085	0.81	0.59	0.55	0.261	0.036	0.221	0.053	0.002	0.55	0.31	0.46	0.84	0.83	0.97	0.37	0.93	1	0.55	0.088	0.56	0.043	0.44	0.261	0.23	0.121	0.36	0.34	0.194	0.32	0.191	0.195	0.099	0.222	0.022	0.213	0.129	0.46	0.28	0.37	0.249	0.43	0.54	0.1	0.251	0.54	1	0.254	0.34	0.37	1	1	0.91	0.71	0.79	0.45	0.57	0.162	0.9	0.74	0.041	0.82	0.108	0.78	0.202	0.64	0.56	0.174	0.61	0.61	0.54	0.102	0.38	0.068	0.008	0.004	0.88	0.61	0.54	0.122	0.039	0.63	0.032	0.59	0.4	0.41	0.32	0.3	0.3	0.38	0.3	0.31	0.242	0.32	1	0.42	0.37	0.44	0.42	0.51	0.86	0.39	0.14	1	0.6	0.93	0.61	0.65	0.5	0.62	1	0.64	0.201	0.98	0.04	0.026	1	0.68	0.55	0.51	0.74	0.5	1	0.57	0.19	0.31	0.26	0.6	0.6	0.002	0.003	0.004	0.001	0.022	0.02	0.44	0.326	1	0.085	0.47	0.39	0.037	0.38	0.34	0.048	0.066	0.046	0.52	0.105	0.57	0.286	0.088	0.119	0.69	1	0.245	0.005	0.4	0.7	0.87	0.79	0.185	0.112	0.05	0.044	0.298	0.37	0.037
RNF165;+;up1000;down1000;+rnd85::18:43906956-43907567	0.65	0.84	1	0.8	0.252	0.056	0.122	0.66	0.54	0.45	0.001	0.022	0.148	0.023	0.92	0.129	0.34	0.178	0.197	0.188	0.32	0.079	0.95	0.56	0.022	0.225	0.97	0.43	0.5	0.71	0.35	0.54	0.38	0.54	0.35	0.95	0.31	0.33	0.19	0.248	1	0.143	0.31	0.001	0.204	0.57	0.252	0.71	0.66	0.35	0.257	0.79	1	0.274	0.32	0.72	1	1	0.66	0.8	0.35	0.47	0.45	0.4	0.298	0.82	0.01	0.082	0.107	0.129	0.65	0.057	0.86	0.75	0.81	0.77	0.85	0.63	0.66	0.156	0.014	0.007	0.9	0.01	0.36	0.065	0.238	0.64	0.41	0.209	0.3	0.32	0.34	0.408	0.263	1	0.003	0.49	0.46	0.46	1	0.38	0.31	0.224	0.37	0.72	0.52	0.79	0.3	1	0.39	0.64	0.73	0.4	0.75	0.82	1	0.122	0.194	0.68	0.5	0.44	0.96	0.41	0.87	0.184	0.63	0.134	0.252	0.242	0.45	0.69	0.67	0.38	0.65	0.011	0.003	0.003	0.003	0.032	0.008	0.63	0.47	0.55	0.32	0.253	0.38	0.3	0.256	0.76	0.43	0.32	0.216	0.304	0.016	0.12	0.058	0.007	0.41	0.3	1	0.35	0.001	0.44	0.89	0.235	0.51	0.34	0.128	0.19	0.015	0.221	0.158	0.058
RP11-322E11.6;-;up1000;down1000;+rnd123::18:33077892-33078503	0.39	0.206	0.4	0.304	0.099	0.141	0.77	0.67	0.77	0.71	0.049	1	0.006	0.51	0.67	0.78	0.6	0.82	0.68	0.76	0.048	0.015	0.285	0.181	0.093	0.005	0.69	0.064	0.216	0.09	0.034	0.084	0.072	0.17	0.193	0.45	0.2	0.3	0.318	0.32	0.192	0.302	0.025	0.037	0.193	0.086	0.251	0.56	0.51	0.32	0.52	0.39	1	0.3	0.39	0.58	1	1	0.165	0.3	0.313	0.49	0.96	0.38	0.17	0.052	0.031	0.46	0.24	0.097	0.106	0.33	0.37	0.72	0.44	0.43	0.33	0.61	0.37	0.46	0.158	0.019	0.65	0.093	0.38	1	0.176	0.44	0.39	0.199	0.071	0.175	0.026	0.43	0.5	1	0.55	0.34	0.55	0.223	0.39	0.39	0.35	0.181	0.243	0.58	0.13	0.33	0.094	1	0.88	0.8	0.76	0.77	0.71	0.41	1	0.047	0.084	0.54	0.021	0.134	0.56	0.56	0.076	0.126	0.287	0.48	1	0.83	0.91	0.88	0.97	0.92	0.048	0.028	0.059	0.061	0.02	0.015	0.33	0.012	0.57	0.119	0.49	0.6	0.024	0.157	0.143	0.018	0.042	0.159	0.196	0.025	0.004	0.97	0.8	0.227	0.211	0.215	0.38	0.94	0.16	0.299	0.7	0.154	0.042	0.172	1	0.8	0.5	0.66	0.276	0.33
RP11-322E11.6;-;up1000;down1000;+rnd279::18:33078048-33078659	0.31	0.16	0.33	0.31	0.088	0.073	0.54	0.69	0.8	0.79	0.059	0.088	0.002	0.127	0.59	0.56	0.68	0.75	0.56	0.6	0.064	0.021	0.225	0.122	0.48	0.93	0.45	0.83	0.96	0.73	0.79	0.46	1	0.94	0.41	0.51	0.46	0.61	0.68	0.65	1	0.48	0.019	0.041	0.298	0.183	0.72	0.59	0.55	1	0.73	0.46	1	0.54	0.58	0.87	1	0.172	0.172	0.306	0.34	0.82	0.59	0.69	0.177	0.204	0.021	0.96	0.065	0.011	0.093	0.075	0.132	0.86	0.209	0.193	0.115	0.76	0.201	0.85	0.183	0.032	0.99	0.021	0.281	0.256	0.185	0.63	0.32	0.269	0.143	0.34	0.189	0.58	0.42	1	0.254	0.31	0.39	0.217	0.38	0.308	0.34	0.15	0.218	0.41	0.122	0.294	0.118	1	0.83	0.88	0.9	0.85	0.91	0.235	1	0.038	0.096	0.47	0.02	0.136	0.42	0.084	0.245	0.135	0.246	0.36	1	0.5	0.9	0.91	0.92	0.84	0.019	0.038	0.069	0.13	0.018	0.013	0.35	0.6	0.4	0.125	0.313	0.39	0.101	0.259	0.188	0.212	0.071	0.236	0.38	0.019	0.007	0.9	0.37	0.192	0.239	0.38	1	0.8	0.134	0.158	0.8	0.088	0.049	0.36	1	0.3	0.55	0.168	0.31	0.37
RP11-322E11.6;-;up1000;down1000;+rnd354::18:33078123-33078734	0.37	0.183	0.44	0.82	0.013	0.149	0.48	0.6	0.68	0.7	0.04	0.107	0.02	0.167	0.57	0.71	0.79	0.71	0.58	0.62	0.39	0.35	0.9	0.071	0.085	0.68	0.14	0.5	0.85	0.7	0.36	0.33	1	0.84	0.185	0.72	0.163	0.32	0.302	0.36	0.173	0.35	0.017	0.052	0.193	0.076	0.246	0.6	0.54	0.36	0.55	0.44	1	0.38	0.5	0.62	1	0.174	0.39	0.67	0.74	1	0.59	0.59	0.285	0.84	0.042	0.98	0.043	0.015	0.224	0.072	0.177	0.76	0.214	0.205	0.174	0.64	0.28	0.96	0.053	0.028	0.96	0.173	0.64	0.242	0.81	0.38	0.81	0.3	0.47	0.58	0.36	0.46	0.54	1	0.204	0.264	0.45	0.235	0.41	0.31	0.36	0.4	0.61	0.51	0.116	0.32	0.078	1	0.191	0.83	0.82	0.185	0.52	0.242	1	0.062	0.04	0.284	0.034	0.258	1	0.066	0.266	0.155	0.264	0.39	1	0.55	0.9	0.95	0.97	0.97	0.011	0.103	0.079	0.069	0.1	0.066	0.15	0.34	0.33	0.24	0.52	0.55	0.63	0.315	0.74	0.38	0.218	0.72	0.68	0.088	0.01	0.34	0.38	0.034	0.24	0.66	1	0.82	0.029	0.48	0.72	0.166	0.65	0.39	1	0.36	0.077	0.61	0.31	0.03
RP11-322E11.6;-;up1000;down1000;+rnd388::18:33078157-33078768	1	0.202	0.42	0.79	0.047	0.176	0.42	0.257	0.33	0.38	0.037	0.13	0.024	0.32	0.37	0.89	0.82	0.92	0.62	0.69	0.47	0.033	0.92	0.11	0.074	0.77	0.58	0.65	0.87	0.65	0.64	0.48	1	0.86	0.149	0.59	0.143	0.254	0.264	0.35	0.152	0.35	0.013	0.052	0.134	0.028	0.22	0.59	0.5	0.36	0.53	0.45	1	0.32	0.42	0.46	1	0.179	0.36	0.79	0.84	1	0.67	0.92	0.139	0.88	0.102	0.84	0.045	0.098	0.005	0.082	0.149	0.62	0.169	0.137	0.155	0.47	0.218	0.94	0.07	0.31	0.96	0.2	0.76	0.245	0.063	0.173	0.38	0.287	0.43	0.35	0.36	0.82	0.47	1	0.145	0.114	0.167	0.153	1	0.304	0.272	0.145	0.216	0.57	0.37	0.5	0.26	1	0.31	0.84	0.84	0.32	0.48	0.3	1	0.052	0.048	0.046	0.016	0.124	0.84	0.168	0.72	0.47	0.31	0.63	1	0.48	0.83	0.73	1	0.99	0.026	0.121	0.063	0.072	0.121	0.05	0.161	0.36	0.4	0.194	0.38	0.47	0.49	0.41	0.71	0.292	0.199	0.69	0.75	0.067	0.009	0.33	0.38	0.012	0.73	0.62	1	0.87	0.036	0.35	0.79	0.225	0.77	0.35	1	0.42	0.026	0.4	0.37	0.041
RP11-322E11.6;-;up1000;down1000;+rnd402::18:33078171-33078782	1	0.4	0.49	0.88	0.012	0.35	0.55	0.35	0.325	0.37	0.098	0.08	0.024	0.305	0.023	0.93	0.78	0.92	0.74	0.8	0.37	0.242	0.57	0.116	0.069	0.85	0.48	0.69	0.87	0.65	0.58	0.46	1	0.8	0.262	0.76	0.33	0.57	0.71	0.64	1	0.55	0.013	0.04	0.199	0.142	0.61	0.54	0.51	1	0.6	0.57	1	0.59	0.43	0.58	1	0.183	0.5	0.84	0.79	1	0.64	0.91	0.136	0.42	0.169	1	0.049	0.074	0.008	0.11	0.139	0.81	0.168	0.133	0.142	0.57	0.196	0.96	0.059	0.042	0.182	0.167	0.62	0.267	0.076	0.162	0.41	0.4	0.36	0.61	0.4	0.91	0.39	1	0.135	0.097	0.157	0.134	1	0.31	0.203	0.148	0.223	0.53	0.46	0.5	0.45	1	0.57	0.6	0.71	0.64	0.62	0.227	1	0.029	0.059	0.4	0.019	0.102	0.95	0.165	0.54	0.38	0.118	0.45	1	0.49	0.76	0.61	0.81	0.99	0.017	0.105	0.05	0.055	0.11	0.05	0.169	0.35	0.56	0.56	0.37	0.41	0.6	0.38	0.86	0.57	0.281	0.76	0.81	0.34	0.063	0.44	0.37	0.013	0.82	0.74	1	0.82	0.045	0.357	0.82	0.221	0.69	0.329	1	0.36	0.03	0.45	0.283	0.046
RP11-322E11.6;-;up1000;down1000;+rnd414::18:33078183-33078794	1	0.45	0.56	0.82	0.035	0.153	0.231	0.36	0.3	0.36	0.065	0.096	0.119	0.3	0.026	0.89	0.85	0.76	0.65	0.72	0.36	0.027	0.92	0.022	0.073	0.9	0.54	0.76	0.91	0.56	0.73	0.52	1	0.91	0.244	0.56	0.156	0.27	0.3	0.3	0.144	0.31	0.017	0.052	0.156	0.037	0.233	0.58	0.48	0.35	0.51	0.56	1	0.33	0.38	0.43	1	0.191	0.37	0.87	0.56	1	0.65	0.6	0.194	0.42	0.07	0.99	0.027	0.069	0.01	0.143	0.159	0.72	0.179	0.131	0.156	0.56	0.246	0.87	0.073	0.039	0.91	0.19	0.68	0.35	0.091	0.175	0.36	0.319	0.43	0.45	0.4	0.35	0.48	1	0.157	0.124	0.159	0.147	1	0.305	0.286	0.159	0.242	0.48	0.49	0.59	0.32	1	0.32	0.85	0.79	0.3	0.91	0.224	1	0.026	0.063	0.32	0.013	0.117	0.93	0.151	0.72	0.43	0.218	0.45	1	0.49	0.87	0.75	0.76	0.99	0.014	0.114	0.054	0.054	0.129	0.056	0.164	0.37	0.45	0.241	0.35	0.43	0.53	0.37	0.56	0.75	0.26	0.74	0.67	0.05	0.005	0.41	0.39	0.01	0.76	0.7	1	0.76	0.036	0.43	0.83	0.032	0.71	0.331	1	0.37	0.021	0.54	0.32	0.038
RP11-322E11.6;-;up1000;down1000;+rnd531::18:33078300-33078911	1	0.66	0.6	0.65	0.139	0.298	0.37	0.08	0.079	0.075	0.058	0.089	0.022	0.296	0.032	0.36	0.89	0.172	0.37	0.37	0.37	0.025	1	0.024	0.073	0.91	0.5	1	0.99	0.77	0.99	0.97	0.5	1	0.272	0.87	0.198	0.36	0.3	0.36	0.126	0.3	1	0.049	0.158	0.075	0.286	0.88	0.79	0.33	0.57	0.87	1	0.35	0.48	0.48	1	1	0.48	0.57	0.36	0.223	0.33	0.314	0.48	0.47	0.1	1	0.218	0.36	0.009	0.35	0.029	0.5	0.037	0.035	0.031	0.43	0.042	0.96	0.058	0.56	0.99	0.266	0.51	0.229	0.61	0.112	0.65	0.028	0.36	0.36	0.42	0.48	0.62	0.061	0.083	0.11	0.184	0.137	1	0.179	0.155	0.158	0.286	0.91	0.51	0.7	0.54	1	0.35	0.93	0.84	0.31	0.47	0.172	1	0.208	0.117	0.42	0.026	0.042	0.81	0.78	0.54	0.152	0.65	0.31	1	0.53	0.58	0.47	0.83	0.64	0.005	0.087	0.064	0.067	0.105	0.062	0.147	0.88	0.36	0.33	0.41	0.73	0.93	0.95	0.78	0.96	0.94	0.89	0.83	0.058	0.081	0.31	0.33	0.037	0.4	0.38	1	0.88	0.025	0.224	0.55	0.112	0.59	0.338	0.126	0.35	0.02	0.136	0.285	0.05
RP11-322E11.6;-;up1000;down1000;+rnd554::18:33078323-33078934	1	0.62	0.55	0.53	0.028	0.43	0.291	0.44	0.224	0.47	0.096	0.135	0.014	0.182	0.031	0.81	0.82	0.107	0.56	0.56	0.33	0.329	0.86	0.014	0.051	0.88	0.73	0.79	0.82	0.79	0.79	0.62	1	0.92	0.34	0.86	0.42	0.36	0.54	0.47	0.5	0.64	0.234	0.077	0.221	0.52	0.54	0.56	0.54	0.4	0.8	0.54	0.167	0.61	0.56	0.247	1	0.157	0.51	0.027	0.163	0.145	0.183	0.29	0.65	0.45	0.174	0.93	0.103	0.076	0.011	0.31	0.242	0.66	0.295	0.211	0.267	0.67	0.35	1	0.058	0.219	0.88	0.254	0.35	0.168	0.06	0.088	0.209	0.063	0.56	0.69	0.61	0.71	0.245	1	0.234	0.129	0.186	0.31	1	0.54	0.52	0.61	0.7	0.8	0.56	0.59	0.52	1	0.31	0.92	0.63	0.262	0.38	0.192	0.003	0.093	0.101	0.38	0.149	0.265	0.19	0.109	0.58	0.48	0.55	0.51	1	0.283	0.61	0.49	0.88	0.89	0.012	0.12	0.07	0.066	0.166	0.043	0.121	0.47	0.4	0.115	0.37	0.42	0.97	0.85	0.79	0.99	0.84	0.95	0.91	0.3	0.106	0.35	0.26	0.004	0.266	0.46	1	0.94	0.022	0.7	0.81	0.207	0.6	0.284	0.088	0.3	0.025	0.58	0.35	0.047
RP11-322E11.6;-;up1000;down1000;+rnd603::18:33078372-33078983	1	0.93	1	0.44	0.35	0.162	0.33	0.113	0.176	0.095	0.32	0	0.133	0.015	0.028	0.92	0.87	0.52	0.6	0.58	0.37	0.36	0.74	0.217	0.033	0.74	0.91	0.68	0.96	0.9	0.64	0.6	1	0.94	0.41	0.6	0.37	0.74	0.78	0.79	0.34	0.92	1	0.4	0.49	0.004	0.69	0.91	0.78	0.334	0.62	0.9	0.154	0.69	0.46	0.69	1	0.039	0.46	0.64	0.67	0.6	0.48	0.75	0.36	0.53	0.3	0.66	0.061	0.095	0.241	0.122	0.168	0.49	0.18	0.102	0.141	0.48	0.198	0.91	0.046	0.54	0.93	0.237	0.84	0.37	0.39	0.115	0.55	0.039	0.38	0.79	0.45	0.56	1	1	0.44	0.33	0.49	0.43	1	0.68	0.91	0.273	0.32	0.13	0.32	0.73	0.37	1	0.286	0.78	0.68	0.302	0.36	0.228	1	0.1	0.089	0.48	0.227	0.53	0.83	0.243	0.32	0.175	0.274	0.42	1	0.68	0.62	0.44	0.86	0.65	0.016	0.13	0.047	0.024	0.09	0.044	0.163	0.322	0.109	0.39	0.47	0.74	0.8	0.3	0.9	0.84	0.5	0.61	0.64	0.72	0.041	0.284	0.43	0.17	0.45	0.87	1	0.72	0.025	0.62	0.84	0.82	0.78	0.016	0.246	0.34	0.06	0.228	0.312	0.043
RP11-322E11.6;-;up1000;down1000;+rnd72::18:33077841-33078452	0.37	0.57	0.48	0.142	0.087	0.086	0.93	0.72	0.74	0.71	0.065	0.139	0.006	0.12	0.57	0.67	0.82	0.8	0.76	0.84	0.065	0.035	0.3	0.143	0.31	0.003	0.44	0.059	0.238	0.15	0.048	0.08	0.072	0.184	0.184	0.78	0.183	0.34	0.36	0.33	0.174	0.33	0.124	0.048	0.221	0.104	0.237	0.46	0.77	0.33	0.54	0.37	0.074	0.39	0.45	0.61	1	1	0.211	0.32	0.37	0.98	0.92	0.64	0.48	0.31	0.024	0.212	0.237	0.077	0.078	0.35	0.83	0.74	0.88	0.84	0.83	0.55	0.73	0.36	0.179	0.025	0.64	0.182	0.33	1	0.057	0.274	0.039	0.142	0.077	0.3	0.228	0.54	0.59	1	0.333	0.311	0.48	0.217	0.34	0.33	0.4	0.171	0.236	0.51	0.121	0.4	0.053	1	0.96	0.78	0.82	1	0.91	0.62	0.093	0.089	0.007	0.48	0.032	0.137	0.55	0.46	0.3	0.138	0.5	0.37	1	0.88	0.88	0.87	1	0.95	0.073	0.026	0.048	0.048	0.022	0.018	0.48	0.023	0.5	0.108	0.3	0.37	0.027	0.028	0.091	0.004	0.011	0.066	0.071	0.024	0.004	0.91	0.89	0.298	0.201	0.222	0.34	0.96	0.222	0.32	0.54	0.189	0.059	0.44	1	0.55	0.206	0.57	0.184	0.057
SLC25A52;-;up1000;down1000;+rnd14::18:29340895-29341506	0.53	0.31	0.216	0.033	0.57	0.269	0.95	0.113	0.117	0.104	0.005	0.051	0.37	0.77	0.71	0.82	0.207	0.36	0.79	0.79	0.198	0.36	0.99	0.185	0.81	0.89	0.72	0.67	0.97	0.89	0.83	0.96	1	0.99	0.038	0.62	0.292	0.284	0.192	0.319	0.163	0.182	0.321	0.246	0.216	0.291	0.345	0.082	0.329	0.42	0.46	0.037	0.263	0.327	0.357	0.311	1	1	0.036	0.05	0.52	0.35	0.3	0.33	0.038	0.61	0	0.33	0.86	0.84	0.46	0.067	0.34	0.142	0.5	0.42	0.43	0.128	0.47	0.054	0.49	1	0.87	0.136	0.109	1	0.75	0.72	0.62	0.82	0.33	0.276	0.68	0.48	0.38	0.016	0.043	0.42	0.224	0.31	0.34	0.153	0.161	0.245	0.222	0.188	0.42	0.53	0.101	1	0.52	0.271	0.67	0.48	0.162	0.61	1	0.96	0.48	0.006	0.077	0.004	0.87	1	0.204	0.35	0.5	0.69	1	0.55	0.41	0.183	0.82	0.99	0.49	0.273	0.37	0.59	0.45	0.36	0.2	0.122	0.296	0.027	0.276	0.134	0.61	0.213	0.62	0.001	0.017	0.192	0.31	0.51	0.034	0.127	0.31	0.33	0.89	0.002	0.059	0.108	0.25	0.48	0.229	0.144	1	1	0.109	0.022	0.55	0.023	0.7	0.63
SLC25A52;-;up1000;down1000;+rnd221::18:29341102-29341713	0.5	0.89	1	1	0.73	0.167	0.96	0.97	0.97	0.95	0.001	0.001	0.4	0.98	0.58	0.98	0.13	0.4	0.88	0.88	0.188	0.65	0.95	1	0.83	0.49	0.67	0.278	0.66	0.62	0.5	0.42	0.45	0.77	0.052	0.313	0.44	0.49	0.55	0.48	0.141	0.66	1	0.131	0.171	0.318	0.65	0.172	0.38	0.38	0.31	0.196	0.243	0.52	0.5	0.38	1	1	0.019	0.198	0.87	0.96	0.9	0.53	0.075	0.252	0.002	0.48	0.84	0.63	0.36	0.13	0.113	0.112	0.167	0.11	0.153	0.094	0.219	0.021	0.63	1	0.85	0.042	0.09	0.06	0.71	0.46	0.64	0.94	0.51	0.326	0.32	0.295	0.024	0.235	0.153	0.139	0.139	0.025	0.63	0.056	0.106	0.42	0.4	0.66	0.63	0.62	0.43	1	0.51	0.32	0.56	0.39	0.122	0.142	1	0.9	0.35	0.122	0.055	0.019	0.68	0.99	0.44	0.109	0.6	0.101	0.22	0.073	0.43	0.058	0.73	1	0.029	0.172	0.185	0.112	0.55	0.77	0.3	0.151	0.3	0.035	0.59	0.7	0.31	0.01	0.48	0.004	0	0.252	0.253	0.54	0.037	0.136	0.027	0.2	0.31	0.58	1	0.126	0.289	0.75	0.63	0.94	1	1	0.05	0.001	0.43	0.183	0.242	0.62
SLC25A52;-;up1000;down1000;+rnd232::18:29341113-29341724	0.203	0.72	1	1	0.51	0.151	0.73	0.92	0.92	0.9	0.003	0.05	0.38	0.98	0.51	0.96	0.227	0.55	0.82	0.8	0.23	0.65	0.88	1	0.81	0.238	0.49	0.239	0.48	0.61	0.222	0.45	0.48	0.52	0.045	0.242	0.6	0.72	0.81	0.73	0.184	0.83	1	0.193	0.36	0.37	0.64	0.47	0.52	0.3	0.32	0.35	0.268	0.67	0.51	0.55	1	1	0.029	0.2	0.7	0.95	0.88	0.59	0.014	0.166	0.001	0.31	0.95	0.65	0.36	0.19	0.202	0.087	0.32	0.207	0.31	0.071	0.37	0.042	0.89	1	0.83	0.028	0.18	0.07	0.56	0.47	0.58	0.99	0.34	0.096	0.35	0.33	0.021	1	0.098	0.14	0.149	0.023	1	0.054	0.115	0.72	0.72	0.75	0.66	0.92	0.47	1	0.64	0.35	0.71	0.43	0.074	0.154	0.163	0.98	0.5	0.37	0.07	0.02	0.287	0.94	0.6	0.114	0.66	0.098	0.218	0.084	0.39	0.087	0.77	1	0.69	0.301	0.313	0.288	0.65	0.96	0.7	0.125	0.35	0.046	0.43	0.51	0.49	0.098	0.58	0.007	0.008	0.08	0.1	0.6	0.037	0.137	0.029	0.197	0.296	0.58	1	0.122	0.264	0.35	0.82	0.98	1	1	0.097	0	0.58	0.155	0.164	0.63
SLC25A52;-;up1000;down1000;+rnd235::18:29341116-29341727	0.49	0.75	1	1	0.78	0.185	0.8	0.92	0.91	0.89	0.003	1	0.45	0.95	0.6	0.96	0.183	0.55	0.74	0.73	0.159	0.73	0.94	1	0.83	0.35	0.66	0.34	0.48	0.72	0.37	0.78	1	0.58	0.079	0.45	0.59	0.72	0.81	0.77	0.179	0.92	1	0.16	0.36	0.41	0.68	0.289	0.53	0.43	0.78	0.271	0.266	0.74	0.66	0.71	1	1	0.013	0.83	0.91	0.9	0.87	0.49	0.225	0.205	0.004	0.47	0.16	0.257	0.37	0.108	0.105	0.126	0.155	0.12	0.117	0.101	0.158	0.05	0.58	1	0.94	0.041	0.19	0.065	0.7	0.49	0.6	0.97	0.3	0.258	0.3	0.31	0.218	0.252	0.041	0.146	0.129	0.023	1	0.049	0.097	0.305	0.37	0.84	0.68	0.204	0.39	1	0.65	0.226	0.71	0.44	0.106	0.136	1	1	0.43	0.159	0.068	0.016	0.73	0.46	0.46	0.121	0.54	0.109	0.216	0.071	0.072	0.003	0.68	1	0.55	0.3	0.319	0.247	0.61	0.78	0.34	0.39	0.273	0.011	0.34	0.41	0.68	0.52	0.66	0.023	0.021	0.218	0.283	0.67	0.049	0.204	0.019	0.239	0.33	0.56	1	0.127	0.238	0.65	0.68	0.99	1	1	0.08	0.017	0.62	0.178	0.061	0.65
SLC25A52;-;up1000;down1000;+rnd301::18:29341182-29341793	0.52	0.237	0.082	0.92	0.5	0.126	0.57	0.98	0.98	0.98	0.006	0.05	0.37	0.97	0.37	0.99	0.162	0.53	0.89	0.93	0.169	0.71	1	1	0.65	0.124	0.84	0.12	0.42	0.69	0.162	0.33	0.4	0.57	0.067	0.254	0.6	0.52	0.66	0.53	0.154	0.7	1	0.129	0.252	0.89	0.7	0.211	0.33	0.37	0.77	0.232	0.246	0.5	0.42	0.48	1	1	0.021	0.198	0.93	0.98	0.96	0.58	0.148	0.079	0.001	0.54	0.39	0.6	0.38	0.176	0.38	0.197	0.58	0.41	0.44	0.206	0.62	0.053	0.59	1	0.208	0.01	0.178	0.066	0.66	0.39	0.55	1	0.3	0.25	0.38	0.31	0.04	1	0.252	0.165	0.147	0.035	1	0.075	0.133	0.56	0.53	0.91	0.89	0.68	0.56	1	0.64	0.36	0.57	0.39	0.057	0.149	1	1	0.249	0.235	0.058	0.013	0.69	0.89	0.49	0.098	0.75	0.082	0.232	0.074	0.32	0.098	0.74	1	0.74	0.265	0.301	0.32	0.54	0.81	0.278	0.089	0.249	0.001	0.33	0.49	0.39	0.1	0.56	0.014	0.002	0.102	0.088	0.58	0.044	0.123	0.016	0.207	0.305	0.64	0.174	0.127	0.119	0.59	0.73	0.79	0.96	0.184	0.091	0.001	0.58	0.69	0.053	0.61
SLC25A52;-;up1000;down1000;+rnd303::18:29341184-29341795	0.55	0.8	1	0.69	0.53	0.127	0.62	0.98	0.98	0.97	0.001	1	0.44	1	0.35	0.99	0.246	0.57	0.88	0.89	0.166	0.72	0.77	1	0.76	0.131	0.39	0.115	0.46	0.71	0.209	0.43	0.49	0.56	0.057	0.305	0.54	0.53	0.69	0.5	0.175	0.68	1	0.226	0.302	0.81	0.64	0.222	0.317	0.35	0.93	0.266	0.3	0.48	0.42	0.53	1	1	0.026	0.84	0.91	0.97	0.96	0.48	0.139	0.27	0.005	0.63	0.62	0.55	0.44	0.66	0.33	0.16	0.51	0.39	0.41	0.172	0.55	0.058	0.69	1	0.212	0.04	0.162	0.076	0.94	0.26	0.85	0.9	0.46	0.42	0.46	0.261	0.024	1	0.155	0.157	0.162	0.042	1	0.07	0.144	0.57	0.55	0.94	0.95	0.72	0.62	1	0.86	0.84	0.7	0.55	0.025	0.14	1	1	0.56	0.46	0.065	0.018	0.7	0.95	0.56	0.127	0.74	0.105	0.207	0.068	0.39	0.06	0.62	1	0.68	0.43	0.37	0.328	0.54	0.81	0.35	0.089	0.33	0.002	0.311	0.46	0.78	0.152	0.72	0.099	0.005	0.35	0.34	0.68	0.039	0.134	0.032	0.186	0.304	0.67	0.13	0.1	0.3	0.31	0.64	0.86	0.97	0.176	0.084	0.002	0.45	0.62	0.217	0.72
SLC25A52;-;up1000;down1000;+rnd35::18:29340916-29341527	0.38	0.63	1	0.222	0.45	0.34	0.94	0.24	0.214	0.161	0.01	1	0.35	0.86	0.72	0.81	0.224	0.42	0.84	0.83	0.182	0.65	0.095	0.69	0.54	0.76	0.85	0.64	0.93	0.82	0.69	0.95	1	1	0.084	0.76	0.35	0.69	0.73	0.62	0.225	0.81	1	0.248	0.33	0.55	0.51	0.265	0.44	0.41	0.7	0.164	1	0.49	0.42	0.57	1	1	0.023	0.066	0.38	0.36	0.36	0.37	0.046	0.33	0.002	0.208	0.94	0.77	0.54	0.068	0.45	0.195	0.53	0.43	0.49	0.132	0.63	0.053	0.43	1	0.88	0.067	0.102	0.045	0.68	0.38	0.53	0.77	0.327	0.312	0.67	0.49	1	0.026	0.093	0.197	0.135	0.167	0.35	0.159	0.179	0.336	0.284	0.75	0.43	0.7	0.6	1	0.48	0.32	0.49	0.32	0.55	0.5	1	0.76	0.41	0.037	0.147	0.03	0.71	0.93	0.26	0.46	0.65	0.7	0.213	0.106	0.365	0.244	0.72	0.99	0.64	0.275	0.43	0.205	0.55	0.6	0.227	0.289	0.233	0.096	0.86	0.88	0.62	0.106	0.8	0.014	0.037	0.043	0.162	0.48	0.059	0.17	0.018	0.333	0.85	0.67	0.133	0.111	0.205	0.61	0.57	0.93	1	1	0.081	0.003	0.36	0.159	0.197	0.51
SLC25A52;-;up1000;down1000;+rnd379::18:29341260-29341871	0.48	0.45	0.44	0.86	0.39	0.105	0.55	0.99	0.99	0.99	0.014	0.049	0.64	0.98	0.36	1	0.63	0.89	0.81	0.91	0.202	0.57	0.89	0.71	0.75	0.062	0.71	0.053	0.274	0.42	0.013	0.188	0.38	0.242	0.38	0.41	0.73	0.65	0.64	0.48	1	0.64	1	0.113	0.3	0.84	0.84	0.42	0.35	0.37	0.87	0.7	1	0.45	0.37	0.66	1	1	0.036	0.161	0.91	0.89	0.97	0.42	0.34	0.147	0.001	0.6	0.45	0.48	0.054	0.182	0.138	0.33	0.23	0.125	0.224	0.41	0.24	0.041	0.68	0.234	0.029	0.107	0.043	0.032	0.56	0.375	0.63	0.37	0.128	0.113	0.34	0.284	1	1	0.048	0	0	0	0.089	0.001	0.005	0.021	0.004	0.92	0.9	0.86	0.38	1	1	0.36	1	0.63	0.6	0.148	1	0.51	0.41	0.275	0.049	0.02	0.55	0.9	0.52	0.084	0.83	0.075	1	0.36	0.82	0.44	0.82	0.99	0.224	0.22	0.296	0.326	0.3	0.55	0.339	0.084	0.32	0.028	0.41	0.7	0.21	0.004	0.45	0.007	0.001	0.068	0.08	0.47	0.028	0.147	0	0.25	0.281	0.62	0.158	0.112	0.56	0.8	0.194	0.96	0.39	0.178	0.022	0	0.47	0.216	0.034	0.57
SLC25A52;-;up1000;down1000;+rnd436::18:29341317-29341928	1	0.85	1	0.87	0.171	0.105	0.67	0.73	0.75	0.77	0.068	0.05	0.7	0.36	0.35	0.97	0.28	0.92	0.55	0.57	0.64	0.47	0.9	0.85	0.75	0.101	0.74	0.083	0.35	0.32	0.054	0.21	0.41	0.45	0.288	0.6	0.74	0.9	0.9	0.75	1	0.81	1	0.15	0.35	0.84	0.66	0.75	0.31	0.41	0.77	0.56	1	0.61	0.48	0.64	1	1	0.027	0.182	0.85	0.98	0.96	0.76	0.35	0.216	0.029	0.72	0.4	0.7	0.237	0.251	0.008	0.286	0.007	0.003	0.012	0.309	0.016	0.187	0.52	0.3	0.18	0.171	0.45	1	0.68	0.43	0.69	0.66	0.6	0.32	0.323	0.65	0.023	0.49	0.229	0.126	0.145	0.02	1	0.055	0.138	0.82	0.82	0.93	0.96	0.87	0.96	1	1	0.96	1	0.63	0.56	0.44	1	0.16	0.41	0.006	0.082	0.045	0.37	0.94	0.46	0.117	0.7	0.094	0.222	0.066	0.74	0.391	0.74	0.148	0.68	0.253	0.26	0.218	0.54	0.69	0.25	0.073	0.285	0.002	0.53	0.78	0.188	0.041	0.082	0.007	0.002	0.107	0.24	0.55	0.039	0.304	0.6	0.174	0.76	0.67	0.142	0.38	0.48	0.92	0.64	0.95	1	0.155	1	0.125	0.48	0.275	0.101	0.63
SLC25A52;-;up1000;down1000;+rnd96::18:29340977-29341588	0.47	0.77	1	0.44	0.196	0.257	0.9	0.32	0.267	0.197	0.066	0.024	0.32	0.93	0.193	0.57	0.2	0.35	0.8	0.8	0.165	0.213	0.99	1	0.67	0.64	0.91	0.33	0.92	0.69	0.49	0.88	1	0.91	0.06	0.79	0.5	0.77	0.84	0.73	0.005	0.86	1	0.32	0.41	0.48	0.69	0.23	0.52	0.67	0.86	0.164	0.268	0.61	0.49	0.66	1	1	0.018	0.94	0.208	0.3	0.349	0.337	0.087	0.265	0.004	0.43	0.51	0.67	0.021	0.043	0.5	0.171	0.5	0.47	0.55	0.107	0.61	0.036	0.5	1	0.85	0.073	0.093	0.06	0.59	0.31	0.44	0.48	0.277	0.274	0.63	0.271	0.33	0.033	0.031	0.099	0.127	0.022	0.35	0.042	0.083	0.217	0.211	0.82	0.56	0.75	0.34	1	0.47	0.3	0.76	0.42	0.61	0.51	1	0.93	0.3	0.179	0.089	0.015	0.89	0.84	0.226	0.131	0.225	0.062	0.207	0.05	0.5	0.231	0.78	1	0.36	0.141	0.161	0.16	0.45	0.6	0.194	0.27	0.206	0.152	0.237	0.71	0.57	0.046	0.73	0.128	0.002	0.177	0.17	0.45	0.051	0.093	0.02	0.132	0.43	0.5	1	0.128	0.161	0.86	0.55	0.85	0.95	1	0.082	0.002	0.43	0.02	0.062	0.47
