18	60986470	G	C	MU67843675	patient_0
18	60986727	A	G	MU67843687	patient_0
18	60987027	G	A	MU35358286	patient_0
18	60987028	G	A	MU67843699	patient_0
18	60987900	G	A	MU67843704	patient_0
18	60988035	C	T	MU67843714	patient_0
18	60988076	T	G	MU67843731	patient_0
18	60988085	C	T	MU1361615	patient_0
18	60988241	C	A	MU67843743	patient_0
18	60988268	G	A	MU67843745	patient_0
18	60986516	C	G	MU1455590	patient_1
18	60986744	G	A	MU68320903	patient_1
18	60986892	G	A	MU69064154	patient_1
18	60987884	G	A	MU67973587	patient_1
18	60988071	A	C	MU69064156	patient_1
18	60988075	G	A	MU69064158	patient_1
18	60988084	C	T	MU67973610	patient_1
18	43907482	G	A	MU68195085	patient_2
18	60987880	A	C	MU68195320	patient_2
18	60987913	C	G	MU68195328	patient_2
18	60987914	C	T	MU68195337	patient_2
18	60987986	T	G	MU68195347	patient_2
18	60987991	A	G	MU68195354	patient_2
18	60988035	C	T	MU67843714	patient_2
18	60988074	C	T	MU68195377	patient_2
18	60988160	C	T	MU68195383	patient_2
18	60988240	G	C	MU1629528	patient_2
18	60988259	A	G	MU68195402	patient_2
18	60988291	C	G	MU68195415	patient_2
18	33078380	G	T	MU68048112	patient_4
18	60986407	T	C	MU68048784	patient_4
18	60986420	G	C	MU1626069	patient_4
18	60986515	G	A	MU68048787	patient_4
18	60986651	G	A	MU68048798	patient_4
18	60986652	C	T	MU67973510	patient_4
18	60986917	G	A	MU68048810	patient_4
18	60986960	C	T	MU68048816	patient_4
18	60986965	C	T	MU68048820	patient_4
18	60986989	G	A	MU68048827	patient_4
18	60986994	G	A	MU68048838	patient_4
18	60987833	A	G	MU68048845	patient_4
18	60987853	G	A	MU68048854	patient_4
18	60988028	T	C	MU68048860	patient_4
18	60988035	C	T	MU67843714	patient_4
18	60988040	T	A	MU68048864	patient_4
18	60988080	G	A	MU68048872	patient_4
18	60988082	T	G	MU68048886	patient_4
18	60986396	A	G	MU68984655	patient_5
18	60986423	C	T	MU1626072	patient_5
18	60986471	C	A	MU68984656	patient_5
18	60986651	G	C	MU49939384	patient_5
18	60986710	T	A	MU68984657	patient_5
18	60986715	A	G	MU68984658	patient_5
18	60986960	C	G	MU68984659	patient_5
18	60986987	T	A	MU68984666	patient_5
18	60987005	G	A	MU68984670	patient_5
18	60987192	G	C	MU68984672	patient_5
18	60987993	C	T	MU68984675	patient_5
18	60987997	G	C	MU68984678	patient_5
18	60988005	G	A	MU68984681	patient_5
18	60988064	C	T	MU68497328	patient_5
18	60988150	C	G	MU68984684	patient_5
18	60988157	C	G	MU68984687	patient_5
18	60988230	C	G	MU68497352	patient_5
18	60986417	T	A	MU69613587	patient_6
18	60986420	G	A	MU1536661	patient_6
18	60986515	G	A	MU68048787	patient_6
18	60986518	G	A	MU69613594	patient_6
18	60986651	G	A	MU68048798	patient_6
18	60986959	G	A	MU69613598	patient_6
18	60988031	C	T	MU69398817	patient_6
18	60988063	A	G	MU69613605	patient_6
18	60988070	C	G	MU67914199	patient_6
18	60988082	T	A	MU69613611	patient_6
18	60988087	G	A	MU69512392	patient_6
18	60988347	G	A	MU69613614	patient_6
18	60988348	G	A	MU69613619	patient_6
18	60988349	G	A	MU1361539	patient_6
18	29341492	A	T	MU32933429	patient_7
18	60986425	G	A	MU67973508	patient_7
18	60986514	A	T	MU69578316	patient_7
18	60986516	C	G	MU1455590	patient_7
18	60986523	G	C	MU69578319	patient_7
18	60986581	C	G	MU69578325	patient_7
18	60986636	C	A	MU69578328	patient_7
18	60986637	C	T	MU69578332	patient_7
18	60986720	T	G	MU69578336	patient_7
18	60986744	G	A	MU68320903	patient_7
18	60986803	G	A	MU69578340	patient_7
18	60986836	A	C	MU69578343	patient_7
18	60988066	C	A	MU68399763	patient_7
18	60988075	G	A	MU69064158	patient_7
18	60988087	G	C	MU1466521	patient_7
18	60988089	G	C	MU68320933	patient_7
18	60988106	A	G	MU69578348	patient_7
18	60988108	A	T	MU69578351	patient_7
18	60988118	A	T	MU69578355	patient_7
18	60988119	T	G	MU69345346	patient_7
18	60988130	A	C	MU69578359	patient_7
18	60988140	G	A	MU69578363	patient_7
18	60988155	C	T	MU69578366	patient_7
18	60988157	C	G	MU68984687	patient_7
18	60988160	C	T	MU68195383	patient_7
18	60988189	G	A	MU1361569	patient_7
18	60988225	G	A	MU69023074	patient_7
18	60988237	G	A	MU69578372	patient_7
18	60988238	T	A	MU69578378	patient_7
18	60988240	G	C	MU1629528	patient_7
18	65185136	G	A	MU69578557	patient_7
18	60986372	T	G	MU67914089	patient_8
18	60986473	T	A	MU67914091	patient_8
18	60986888	C	T	MU1466503	patient_8
18	60986935	G	T	MU67914095	patient_8
18	60986994	G	C	MU67914098	patient_8
18	60987876	A	G	MU67914107	patient_8
18	60987916	T	C	MU67914121	patient_8
18	60988032	T	C	MU67914145	patient_8
18	60988062	T	G	MU67914169	patient_8
18	60988066	C	T	MU67914182	patient_8
18	60988068	C	A	MU67914187	patient_8
18	60988070	C	G	MU67914199	patient_8
18	60988088	C	G	MU67914227	patient_8
18	60988091	T	G	MU67914233	patient_8
18	60988179	G	A	MU67914237	patient_8
18	60988197	C	T	MU67914255	patient_8
18	60988230	C	T	MU67914264	patient_8
18	60988231	T	G	MU67914270	patient_8
18	30349614	G	C	MU69438465	patient_9
18	30349618	G	A	MU69438472	patient_9
18	30349619	G	C	MU69438479	patient_9
18	30349939	T	A	MU69438484	patient_9
18	30350041	G	A	MU69022588	patient_10
18	60986391	T	C	MU69023008	patient_10
18	60986409	G	A	MU68964476	patient_10
18	60986423	C	T	MU1626072	patient_10
18	60986441	A	G	MU69023010	patient_10
18	60986476	G	A	MU69023011	patient_10
18	60986598	T	C	MU69023012	patient_10
18	60986621	C	T	MU69023016	patient_10
18	60986642	A	G	MU69023017	patient_10
18	60986793	C	G	MU69023018	patient_10
18	60986878	T	C	MU67973553	patient_10
18	60986883	T	C	MU69023020	patient_10
18	60986919	T	A	MU69023022	patient_10
18	60986924	G	A	MU69023025	patient_10
18	60986980	C	T	MU69023027	patient_10
18	60987836	G	A	MU69023028	patient_10
18	60987838	G	A	MU69023030	patient_10
18	60987879	C	T	MU69023032	patient_10
18	60987894	C	T	MU69023036	patient_10
18	60987918	C	T	MU69023040	patient_10
18	60987930	G	A	MU69023041	patient_10
18	60987939	G	A	MU69023045	patient_10
18	60987980	G	A	MU69023047	patient_10
18	60987993	C	T	MU68984675	patient_10
18	60988013	G	T	MU69023049	patient_10
18	60988020	C	T	MU69023050	patient_10
18	60988026	C	T	MU69023052	patient_10
18	60988039	G	T	MU69023056	patient_10
18	60988045	G	A	MU13613403	patient_10
18	60988051	G	C	MU69023058	patient_10
18	60988064	C	T	MU68497328	patient_10
18	60988066	C	T	MU67914182	patient_10
18	60988074	C	A	MU68399768	patient_10
18	60988075	G	C	MU69023060	patient_10
18	60988080	G	A	MU68048872	patient_10
18	60988084	C	G	MU69023063	patient_10
18	60988170	A	G	MU69023067	patient_10
18	60988186	C	T	MU68964498	patient_10
18	60988189	G	A	MU1361569	patient_10
18	60988195	A	G	MU69023070	patient_10
18	60988201	G	A	MU69023071	patient_10
18	60988222	G	T	MU69023073	patient_10
18	60988225	G	A	MU69023074	patient_10
18	60988239	A	C	MU69023076	patient_10
18	60988240	G	C	MU1629528	patient_10
18	60988302	C	T	MU68320989	patient_10
