chrom	pos	ref	alt	id	patient
18	60984827	T	C	MU69613503	patient_7
18	60984855	T	C	MU69022986	patient_0
18	60984877	A	T	MU69613510	patient_7
18	60984892	G	T	MU68984623	patient_8
18	60984902	T	A	MU69613516	patient_7
18	60984914	A	C	MU67914031	patient_3
18	60984920	T	C	MU67843622	patient_10
18	60984927	T	C	MU67843628	patient_10
18	60984948	C	T	MU69064149	patient_9
18	60984967	G	C	MU1462958	patient_0
18	60985015	C	G	MU1415716	patient_2
18	60985015	C	G	MU1415716	patient_4
18	60985036	A	T	MU69022987	patient_0
18	60985047	C	T	MU68984625	patient_8
18	60985048	C	T	MU69022988	patient_0
18	60985055	T	G	MU67843632	patient_10
18	60985067	A	G	MU69022989	patient_0
18	60985075	A	C	MU68048671	patient_4
18	60985087	C	G	MU67914041	patient_3
18	60985096	G	C	MU69022991	patient_0
18	60985097	C	T	MU68984628	patient_2
18	60985097	C	T	MU68984628	patient_8
18	60985101	C	G	MU68048675	patient_4
18	60985101	C	T	MU1361864	patient_7
18	60985101	C	T	MU1361864	patient_8
18	60985109	A	T	MU69022993	patient_0
18	60985121	G	T	MU69064152	patient_9
18	60985128	G	A	MU69022995	patient_0
18	60985141	T	C	MU69022996	patient_0
18	60985411	G	C	MU67843643	patient_10
18	60985417	G	A	MU68048691	patient_4
18	60985435	C	T	MU69578270	patient_2
18	60985435	C	T	MU69578270	patient_7
18	60985444	C	T	MU1536768	patient_7
18	60985833	G	A	MU1466392	patient_9
18	60985834	C	T	MU1654049	patient_2
18	60985834	C	T	MU1654049	patient_10
18	60985867	G	A	MU69613534	patient_7
18	60985876	C	A	MU69578274	patient_2
18	60985876	C	T	MU57393722	patient_8
18	60985877	C	T	MU68048735	patient_4
18	60985890	C	G	MU69578276	patient_2
18	60985900	C	T	MU68048741	patient_4
18	60985900	C	T	MU68048741	patient_5
18	60985901	C	T	MU68195284	patient_5
18	60985905	C	T	MU1626048	patient_5
18	60985916	G	A	MU1455752	patient_2
18	60985917	C	T	MU67843653	patient_10
18	60985982	G	A	MU68984631	patient_8
18	60985994	C	T	MU69023006	patient_0
18	60986002	T	G	MU69578278	patient_2
18	60986010	G	A	MU69613537	patient_7
18	60986011	C	A	MU69613543	patient_7
18	60986016	C	T	MU68048748	patient_4
18	60986018	T	G	MU67843657	patient_10
18	60986022	T	A	MU67914080	patient_3
18	60986046	C	G	MU67914084	patient_3
18	60986068	T	G	MU69578280	patient_2
18	60986069	T	C	MU1361724	patient_2
18	60986069	T	C	MU1361724	patient_4
18	60986069	T	C	MU1361724	patient_8
18	60986082	T	G	MU1489866	patient_10
18	60986137	C	G	MU69613552	patient_7
18	60986138	G	T	MU68195307	patient_5
18	60986138	G	A	MU1455729	patient_8
18	60986141	A	C	MU68984641	patient_8
18	60986142	T	C	MU69578285	patient_2
18	60986144	A	T	MU1361708	patient_2
18	60986150	A	G	MU68048759	patient_4
18	60986151	A	T	MU68195312	patient_5
18	60986152	G	C	MU68984646	patient_8
18	60986153	T	G	MU67973418	patient_4
18	60986154	A	G	MU56065238	patient_2
18	60986154	A	T	MU69613556	patient_7
18	60986157	G	A	MU69578290	patient_2
18	60986158	T	C	MU69578294	patient_2
18	60986159	T	G	MU68984647	patient_8
18	60986160	A	C	MU69578297	patient_2
18	60986163	A	G	MU68399693	patient_2
18	60986167	G	A	MU69578299	patient_2
18	60986172	C	T	MU68048768	patient_4
18	60986188	G	C	MU69578302	patient_2
18	60986192	G	C	MU1626057	patient_2
18	60986192	G	A	MU68984648	patient_8
18	60986193	G	T	MU68984652	patient_2
18	60986193	G	T	MU68984652	patient_8
18	60986205	A	C	MU68984654	patient_8
18	60986209	A	G	MU69578308	patient_2
18	60986232	C	T	MU69613562	patient_7
18	60986234	T	A	MU67843662	patient_10
18	60986241	G	A	MU69613567	patient_7
18	60986243	A	C	MU1466459	patient_4
18	60986252	G	A	MU67457820	patient_8
18	60986263	G	A	MU69613571	patient_7
18	60986266	T	C	MU69578314	patient_2
18	60986278	G	C	MU69155434	patient_7
18	60986300	A	T	MU67457867	patient_0
18	60986305	G	A	MU67914086	patient_3
18	60986306	C	T	MU69613579	patient_7
18	60986322	T	A	MU67843666	patient_10
18	60986326	C	G	MU67843673	patient_10
18	60986372	T	G	MU67914089	patient_3
18	60986391	T	C	MU69023008	patient_0
18	60986396	A	G	MU68984655	patient_8
18	60986407	T	C	MU68048784	patient_4
18	60986409	G	A	MU68964476	patient_0
18	60986417	T	A	MU69613587	patient_7
18	60986420	G	C	MU1626069	patient_4
18	60986420	G	A	MU1536661	patient_7
18	60986423	C	T	MU1626072	patient_0
18	60986423	C	T	MU1626072	patient_8
18	60986425	G	A	MU67973508	patient_2
18	60986441	A	G	MU69023010	patient_0
18	60986470	G	C	MU67843675	patient_10
18	60986471	C	A	MU68984656	patient_8
18	60986473	T	A	MU67914091	patient_3
18	60986476	G	A	MU69023011	patient_0
18	60986514	A	T	MU69578316	patient_2
18	60986515	G	A	MU68048787	patient_4
18	60986515	G	A	MU68048787	patient_7
18	60986516	C	G	MU1455590	patient_2
18	60986516	C	G	MU1455590	patient_9
18	60986518	G	A	MU69613594	patient_7
18	60986523	G	C	MU69578319	patient_2
18	60986581	C	G	MU69578325	patient_2
18	60986598	T	C	MU69023012	patient_0
18	60986621	C	T	MU69023016	patient_0
18	60986636	C	A	MU69578328	patient_2
18	60986637	C	T	MU69578332	patient_2
18	60986642	A	G	MU69023017	patient_0
18	60986651	G	A	MU68048798	patient_4
18	60986651	G	A	MU68048798	patient_7
18	60986651	G	C	MU49939384	patient_8
18	60986652	C	T	MU67973510	patient_4
18	60986710	T	A	MU68984657	patient_8
18	60986715	A	G	MU68984658	patient_8
18	60986720	T	G	MU69578336	patient_2
18	60986727	A	G	MU67843687	patient_10
18	60986744	G	A	MU68320903	patient_2
18	60986744	G	A	MU68320903	patient_9
18	60986878	T	C	MU67973553	patient_0
18	60986883	T	C	MU69023020	patient_0
18	60986888	C	T	MU1466503	patient_3
18	60986892	G	A	MU69064154	patient_9
18	60986917	G	A	MU68048810	patient_4
18	60986919	T	A	MU69023022	patient_0
18	60986924	G	A	MU69023025	patient_0
18	60986935	G	T	MU67914095	patient_3
18	60986959	G	A	MU69613598	patient_7
18	60986960	C	T	MU68048816	patient_4
18	60986960	C	G	MU68984659	patient_8
18	60986965	C	T	MU68048820	patient_4
18	60986980	C	T	MU69023027	patient_0
18	60986987	T	A	MU68984666	patient_8
18	60986989	G	A	MU68048827	patient_4
18	60986994	G	C	MU67914098	patient_3
18	60986994	G	A	MU68048838	patient_4
18	60987005	G	A	MU68984670	patient_8
18	60987027	G	A	MU35358286	patient_10
18	60987028	G	A	MU67843699	patient_10
