18	443295	T	C	MU69022413	patient_0
18	3778249	T	C	MU69022422	patient_0
18	6246483	T	A	MU69022437	patient_0
18	6377865	T	A	MU69022438	patient_0
18	6403625	C	G	MU69022440	patient_0
18	6473846	T	A	MU69022441	patient_0
18	6634642	C	T	MU69022443	patient_0
18	6646843	T	A	MU69022445	patient_0
18	6786416	G	T	MU69022447	patient_0
18	6968644	C	A	MU69022449	patient_0
18	7075327	T	A	MU69022454	patient_0
18	7252072	T	C	MU69022457	patient_0
18	7456661	C	T	MU69022459	patient_0
18	7551327	T	A	MU69022461	patient_0
18	8162870	C	T	MU69022464	patient_0
18	8255523	A	G	MU69022466	patient_0
18	8585265	G	A	MU69022468	patient_0
18	10890956	G	A	MU69022471	patient_0
18	11107037	C	T	MU69022473	patient_0
18	11466099	G	A	MU42750011	patient_0
18	11554146	A	C	MU69022479	patient_0
18	12001001	C	G	MU69022485	patient_0
18	20315815	T	A	MU69022503	patient_0
18	20405447	A	G	MU69022506	patient_0
18	21368335	T	A	MU69022508	patient_0
18	21771035	T	C	MU69022511	patient_0
18	22086799	T	G	MU69022513	patient_0
18	22524005	C	G	MU69022518	patient_0
18	22632060	T	G	MU69022520	patient_0
18	22652833	T	G	MU69022521	patient_0
18	22662538	G	A	MU69022523	patient_0
18	22857396	C	A	MU36670769	patient_0
18	24350759	C	T	MU69022529	patient_0
18	24917646	C	T	MU69022533	patient_0
18	25163991	G	A	MU69022536	patient_0
18	25737098	T	A	MU69022546	patient_0
18	27042269	G	C	MU69022564	patient_0
18	29576781	T	C	MU69022583	patient_0
18	30084853	G	C	MU69022587	patient_0
18	30350041	G	A	MU69022588	patient_0
18	35090499	C	A	MU69022621	patient_0
18	35380636	G	A	MU69022623	patient_0
18	35390354	G	C	MU69022625	patient_0
18	35815232	T	G	MU69022631	patient_0
18	36194391	G	A	MU69022638	patient_0
18	36290281	C	T	MU69022641	patient_0
18	37678018	T	A	MU69022676	patient_0
18	38206591	A	C	MU31432415	patient_0
18	38790650	C	A	MU69022705	patient_0
18	38843747	A	C	MU69022713	patient_0
18	38951724	A	G	MU69022714	patient_0
18	38998680	T	C	MU69022716	patient_0
18	38998772	T	G	MU69022719	patient_0
18	39001487	C	G	MU69022722	patient_0
18	39421754	T	A	MU69022730	patient_0
18	39430655	A	T	MU49668847	patient_0
18	39938022	A	C	MU69022731	patient_0
18	39942741	G	C	MU69022732	patient_0
18	40133410	G	C	MU69022737	patient_0
18	42284139	G	T	MU69022757	patient_0
18	42889152	T	A	MU69022765	patient_0
18	43039285	G	A	MU69022768	patient_0
18	43790380	C	A	MU69022770	patient_0
18	43879226	C	A	MU69022772	patient_0
18	44050412	C	T	MU69022774	patient_0
18	44059761	T	G	MU69022776	patient_0
18	44204571	G	A	MU69022781	patient_0
18	45623827	G	C	MU69022786	patient_0
18	45701204	C	A	MU69022787	patient_0
18	48163248	G	T	MU69022790	patient_0
18	50056918	A	C	MU69022807	patient_0
18	50100223	A	T	MU69022812	patient_0
18	50100520	T	C	MU69022815	patient_0
18	53008704	T	G	MU69022838	patient_0
18	53868564	A	G	MU69022841	patient_0
18	53868598	A	G	MU69022843	patient_0
18	53933583	A	G	MU69022846	patient_0
18	55033203	C	G	MU69022848	patient_0
18	55697483	G	A	MU69022851	patient_0
18	55702773	C	A	MU69022852	patient_0
18	56139351	A	C	MU69022855	patient_0
18	56614236	G	C	MU69022857	patient_0
18	56655114	T	G	MU69022860	patient_0
18	57725046	C	T	MU69022863	patient_0
18	57824960	T	G	MU69022865	patient_0
18	58648459	C	T	MU69022878	patient_0
18	59164847	C	T	MU69022883	patient_0
18	59381906	C	A	MU69022887	patient_0
18	60042308	T	G	MU69022890	patient_0
18	60804791	T	C	MU69022895	patient_0
18	60804898	T	C	MU69022898	patient_0
18	60804910	T	C	MU69022901	patient_0
18	60804936	T	G	MU69022903	patient_0
18	60804983	T	G	MU69022905	patient_0
18	60805230	G	A	MU69022907	patient_0
18	60805282	T	C	MU69022910	patient_0
18	60805348	T	C	MU1455978	patient_0
18	60805539	T	C	MU69022911	patient_0
18	60805560	T	C	MU69022913	patient_0
18	60805636	C	G	MU69022915	patient_0
18	60805660	T	G	MU69022919	patient_0
18	60805681	C	T	MU69022921	patient_0
18	60805690	T	G	MU69022924	patient_0
18	60806397	C	T	MU69022927	patient_0
18	60806416	C	T	MU69022929	patient_0
18	60806664	A	T	MU69022930	patient_0
18	60809575	G	A	MU69022932	patient_0
18	60809587	G	A	MU69022933	patient_0
18	60809720	G	A	MU69022935	patient_0
18	60825895	C	T	MU69022939	patient_0
18	60826007	T	A	MU69022941	patient_0
18	60873259	C	G	MU69022942	patient_0
18	60873396	A	C	MU69022945	patient_0
18	60874391	A	G	MU69022947	patient_0
18	60874503	C	A	MU69022951	patient_0
18	60874508	C	A	MU69022955	patient_0
18	60874512	T	G	MU69022956	patient_0
18	60875157	A	G	MU69022958	patient_0
18	60875272	T	C	MU69022959	patient_0
18	60983837	A	G	MU69022961	patient_0
18	60983893	T	C	MU69022962	patient_0
18	60983905	G	A	MU69022964	patient_0
18	60983910	G	A	MU69022966	patient_0
18	60984037	T	A	MU69022967	patient_0
18	60984045	T	G	MU69022969	patient_0
18	60984083	G	C	MU69022971	patient_0
18	60984087	T	C	MU69022974	patient_0
18	60984144	C	A	MU69022976	patient_0
18	60984358	T	C	MU69022979	patient_0
18	60984402	T	C	MU69022983	patient_0
18	60984716	T	C	MU68442402	patient_0
18	60984855	T	C	MU69022986	patient_0
18	60984967	G	C	MU1462958	patient_0
18	60985036	A	T	MU69022987	patient_0
18	60985048	C	T	MU69022988	patient_0
18	60985067	A	G	MU69022989	patient_0
18	60985096	G	C	MU69022991	patient_0
18	60985109	A	T	MU69022993	patient_0
18	60985128	G	A	MU69022995	patient_0
18	60985141	T	C	MU69022996	patient_0
18	60985292	C	G	MU69022999	patient_0
18	60985304	A	G	MU69023002	patient_0
18	60985311	C	T	MU69023004	patient_0
18	60985994	C	T	MU69023006	patient_0
18	60986300	A	T	MU67457867	patient_0
18	60986391	T	C	MU69023008	patient_0
18	60986409	G	A	MU68964476	patient_0
18	60986423	C	T	MU1626072	patient_0
18	60986441	A	G	MU69023010	patient_0
18	60986476	G	A	MU69023011	patient_0
18	60986598	T	C	MU69023012	patient_0
18	60986621	C	T	MU69023016	patient_0
18	60986642	A	G	MU69023017	patient_0
18	60986793	C	G	MU69023018	patient_0
18	60986878	T	C	MU67973553	patient_0
18	60986883	T	C	MU69023020	patient_0
18	60986919	T	A	MU69023022	patient_0
18	60986924	G	A	MU69023025	patient_0
18	60986980	C	T	MU69023027	patient_0
18	60987836	G	A	MU69023028	patient_0
18	60987838	G	A	MU69023030	patient_0
18	60987879	C	T	MU69023032	patient_0
18	60987894	C	T	MU69023036	patient_0
18	60987918	C	T	MU69023040	patient_0
18	60987930	G	A	MU69023041	patient_0
18	60987939	G	A	MU69023045	patient_0
18	60987980	G	A	MU69023047	patient_0
18	60987993	C	T	MU68984675	patient_0
18	60988013	G	T	MU69023049	patient_0
18	60988020	C	T	MU69023050	patient_0
18	60988026	C	T	MU69023052	patient_0
18	60988039	G	T	MU69023056	patient_0
18	60988045	G	A	MU13613403	patient_0
18	60988051	G	C	MU69023058	patient_0
18	60988064	C	T	MU68497328	patient_0
18	60988066	C	T	MU67914182	patient_0
18	60988074	C	A	MU68399768	patient_0
18	60988075	G	C	MU69023060	patient_0
18	60988080	G	A	MU68048872	patient_0
18	60988084	C	G	MU69023063	patient_0
18	60988170	A	G	MU69023067	patient_0
18	60988186	C	T	MU68964498	patient_0
18	60988189	G	A	MU1361569	patient_0
18	60988195	A	G	MU69023070	patient_0
18	60988201	G	A	MU69023071	patient_0
18	60988222	G	T	MU69023073	patient_0
18	60988225	G	A	MU69023074	patient_0
18	60988239	A	C	MU69023076	patient_0
18	60988240	G	C	MU1629528	patient_0
18	60988302	C	T	MU68320989	patient_0
18	60988368	A	G	MU69023078	patient_0
18	60988376	A	G	MU69023079	patient_0
18	60988416	G	A	MU67843747	patient_0
18	60988450	A	C	MU69023080	patient_0
18	60988756	A	G	MU69023082	patient_0
18	60988772	A	G	MU69023083	patient_0
18	61925331	C	T	MU69023088	patient_0
18	63107307	T	A	MU69023111	patient_0
18	63306062	C	T	MU69023117	patient_0
18	63331341	C	T	MU69023119	patient_0
18	63477302	T	C	MU69023123	patient_0
18	63486803	T	G	MU69023125	patient_0
18	64324561	T	A	MU69023148	patient_0
18	65883665	T	A	MU69023159	patient_0
18	65988163	T	A	MU69023163	patient_0
18	67520043	T	A	MU69023176	patient_0
18	68367087	A	T	MU69023182	patient_0
18	71345218	G	A	MU69023218	patient_0
18	72746743	T	C	MU69023224	patient_0
18	72826202	T	C	MU69023226	patient_0
18	72845521	G	T	MU69023227	patient_0
18	73451084	G	T	MU69023232	patient_0
18	73479355	A	T	MU30849845	patient_0
18	73955893	T	C	MU69023236	patient_0
18	74210050	T	C	MU69023239	patient_0
18	74664597	C	T	MU69023240	patient_0
18	75285625	G	A	MU69023242	patient_0
18	75872158	G	C	MU69023247	patient_0
18	75890856	C	T	MU69023248	patient_0
18	75890857	T	G	MU69023251	patient_0
18	76056127	G	A	MU69023253	patient_0
18	76478281	C	T	MU69023255	patient_0
18	76745702	C	T	MU69023257	patient_0
18	357045	G	A	MU69438418	patient_1
18	3627514	G	C	MU69438421	patient_1
18	7165707	G	T	MU69438432	patient_1
18	19569021	C	T	MU69438447	patient_1
18	25587567	C	A	MU69438456	patient_1
18	30349614	G	C	MU69438465	patient_1
18	30349618	G	A	MU69438472	patient_1
18	30349619	G	C	MU69438479	patient_1
18	30349939	T	A	MU69438484	patient_1
18	37372481	G	T	MU69438511	patient_1
18	37482496	C	T	MU69438515	patient_1
18	53990969	C	T	MU69438550	patient_1
18	62595622	T	G	MU69438566	patient_1
18	64930952	C	T	MU69438589	patient_1
18	68122657	A	G	MU69438617	patient_1
18	70510306	G	A	MU69438628	patient_1
18	330503	T	A	MU69577277	patient_2
18	393533	T	C	MU69577280	patient_2
18	507613	A	G	MU69577283	patient_2
18	552635	C	T	MU69577289	patient_2
18	1572806	T	G	MU69577309	patient_2
18	2499820	G	T	MU69577316	patient_2
18	2914604	A	C	MU69577320	patient_2
18	3017932	T	C	MU69577324	patient_2
18	3726456	A	T	MU69577328	patient_2
18	3872139	T	C	MU69577334	patient_2
18	3872140	T	A	MU69577336	patient_2
18	3993182	G	A	MU69577343	patient_2
18	3993270	T	G	MU69577347	patient_2
18	4860611	A	G	MU35356754	patient_2
18	5303066	A	C	MU69577365	patient_2
18	5532022	A	T	MU69577371	patient_2
18	5769066	C	A	MU69577378	patient_2
18	6116689	A	C	MU69577388	patient_2
18	6822798	C	T	MU69577395	patient_2
18	7266645	C	T	MU69577403	patient_2
18	7271116	G	A	MU69577406	patient_2
18	7417156	T	A	MU69577412	patient_2
18	7592018	T	A	MU69577414	patient_2
18	7796580	C	A	MU69577421	patient_2
18	8660446	A	T	MU69577426	patient_2
18	8835152	G	A	MU69577429	patient_2
18	9056516	G	C	MU69577431	patient_2
18	9678078	T	G	MU69577434	patient_2
18	11086860	A	C	MU69577444	patient_2
18	11270316	C	T	MU69577446	patient_2
18	11288165	C	G	MU69577451	patient_2
18	11745352	A	C	MU69577456	patient_2
18	12028411	G	A	MU69577462	patient_2
18	12917429	C	T	MU63551965	patient_2
18	13316611	G	A	MU69577469	patient_2
18	13509954	T	G	MU69577476	patient_2
18	14025128	A	G	MU69577481	patient_2
18	20268889	G	A	MU69577507	patient_2
18	20405322	A	G	MU69577511	patient_2
18	20636164	A	G	MU69577515	patient_2
18	21745516	T	C	MU69577519	patient_2
18	22089476	T	C	MU69577526	patient_2
18	22438902	C	T	MU69577529	patient_2
18	22476039	G	C	MU69577531	patient_2
18	23088430	A	C	MU34404647	patient_2
18	23092430	A	C	MU69577547	patient_2
18	23110404	A	C	MU69577550	patient_2
18	23114058	A	C	MU69577551	patient_2
18	23457015	T	C	MU69577554	patient_2
18	24351252	G	T	MU69577563	patient_2
18	24496224	T	G	MU69577566	patient_2
18	25366195	T	G	MU69577585	patient_2
18	25538354	T	G	MU69577590	patient_2
18	27357020	C	T	MU69577652	patient_2
18	28844671	T	G	MU69577683	patient_2
18	29606079	G	T	MU69577687	patient_2
18	30373020	G	A	MU69577690	patient_2
18	31677837	A	C	MU69577713	patient_2
18	31904323	A	C	MU69577721	patient_2
18	32827208	C	G	MU69577742	patient_2
18	33395525	C	T	MU69577744	patient_2
18	34105701	A	G	MU69577747	patient_2
18	34985588	T	C	MU69577749	patient_2
18	35098720	T	C	MU69577754	patient_2
18	35606738	G	T	MU69577767	patient_2
18	35627352	G	T	MU69577771	patient_2
18	36153023	T	A	MU69577779	patient_2
18	36236524	G	A	MU69577783	patient_2
18	37380467	G	A	MU69577845	patient_2
18	37380473	A	T	MU69577849	patient_2
18	37620201	G	T	MU69577858	patient_2
18	38697083	T	C	MU69577877	patient_2
18	38705495	C	A	MU69577881	patient_2
18	38946232	C	T	MU69577895	patient_2
18	39015547	G	A	MU69577898	patient_2
18	39081583	G	T	MU69577911	patient_2
18	39345066	A	G	MU69577917	patient_2
18	39383045	A	G	MU69577921	patient_2
18	39446896	C	T	MU69577924	patient_2
18	40138352	T	G	MU69577930	patient_2
18	40318382	A	G	MU69577939	patient_2
18	40661994	C	A	MU69577955	patient_2
18	41815944	C	T	MU69577973	patient_2
18	42325234	T	A	MU69577977	patient_2
18	43175166	T	A	MU69577987	patient_2
18	43915808	A	C	MU69577991	patient_2
18	44205891	T	G	MU69577994	patient_2
18	44205892	A	T	MU69577997	patient_2
18	45257569	C	T	MU69578003	patient_2
18	45332880	A	T	MU69578007	patient_2
18	47842082	T	C	MU69578019	patient_2
18	48109685	C	T	MU69578020	patient_2
18	49964352	C	A	MU69578044	patient_2
18	50184155	C	A	MU69578056	patient_2
18	52586978	C	T	MU69578085	patient_2
18	52679462	A	G	MU69578088	patient_2
18	53191594	A	T	MU69214993	patient_2
18	53529136	T	A	MU69578102	patient_2
18	54724071	A	C	MU69578106	patient_2
18	54953125	T	G	MU69578107	patient_2
18	55674447	G	A	MU69578115	patient_2
18	57737945	T	G	MU69578123	patient_2
18	57792270	C	T	MU69578128	patient_2
18	57882309	C	A	MU69578133	patient_2
18	58382887	A	C	MU69578142	patient_2
18	59416417	A	G	MU69578157	patient_2
18	59580043	C	T	MU69578160	patient_2
18	60796274	A	C	MU69578187	patient_2
18	60805267	T	G	MU69578193	patient_2
18	60805279	C	G	MU69578198	patient_2
18	60806474	A	G	MU69578201	patient_2
18	60806478	A	G	MU69578207	patient_2
18	60806599	A	G	MU69578210	patient_2
18	60806676	A	T	MU69578215	patient_2
18	60806677	T	A	MU69578223	patient_2
18	60806689	C	G	MU69578227	patient_2
18	60809491	A	C	MU69578235	patient_2
18	60809501	A	C	MU69578241	patient_2
18	60873557	A	T	MU69578244	patient_2
18	60875626	T	C	MU69578248	patient_2
18	60875947	G	T	MU69578254	patient_2
18	60876015	C	T	MU69578259	patient_2
18	60984221	T	G	MU69578266	patient_2
18	60985015	C	G	MU1415716	patient_2
18	60985097	C	T	MU68984628	patient_2
18	60985292	C	T	MU69203717	patient_2
18	60985307	G	A	MU69123078	patient_2
18	60985435	C	T	MU69578270	patient_2
18	60985834	C	T	MU1654049	patient_2
18	60985876	C	A	MU69578274	patient_2
18	60985890	C	G	MU69578276	patient_2
18	60985916	G	A	MU1455752	patient_2
18	60986002	T	G	MU69578278	patient_2
18	60986068	T	G	MU69578280	patient_2
18	60986069	T	C	MU1361724	patient_2
18	60986142	T	C	MU69578285	patient_2
18	60986144	A	T	MU1361708	patient_2
18	60986154	A	G	MU56065238	patient_2
18	60986157	G	A	MU69578290	patient_2
18	60986158	T	C	MU69578294	patient_2
18	60986160	A	C	MU69578297	patient_2
18	60986163	A	G	MU68399693	patient_2
18	60986167	G	A	MU69578299	patient_2
18	60986188	G	C	MU69578302	patient_2
18	60986192	G	C	MU1626057	patient_2
18	60986193	G	T	MU68984652	patient_2
18	60986209	A	G	MU69578308	patient_2
18	60986266	T	C	MU69578314	patient_2
18	60986425	G	A	MU67973508	patient_2
18	60986514	A	T	MU69578316	patient_2
18	60986516	C	G	MU1455590	patient_2
18	60986523	G	C	MU69578319	patient_2
18	60986581	C	G	MU69578325	patient_2
18	60986636	C	A	MU69578328	patient_2
18	60986637	C	T	MU69578332	patient_2
18	60986720	T	G	MU69578336	patient_2
18	60986744	G	A	MU68320903	patient_2
18	60986803	G	A	MU69578340	patient_2
18	60986836	A	C	MU69578343	patient_2
18	60988066	C	A	MU68399763	patient_2
18	60988075	G	A	MU69064158	patient_2
18	60988087	G	C	MU1466521	patient_2
18	60988089	G	C	MU68320933	patient_2
18	60988106	A	G	MU69578348	patient_2
18	60988108	A	T	MU69578351	patient_2
18	60988118	A	T	MU69578355	patient_2
18	60988119	T	G	MU69345346	patient_2
18	60988130	A	C	MU69578359	patient_2
18	60988140	G	A	MU69578363	patient_2
18	60988155	C	T	MU69578366	patient_2
18	60988157	C	G	MU68984687	patient_2
18	60988160	C	T	MU68195383	patient_2
18	60988189	G	A	MU1361569	patient_2
18	60988225	G	A	MU69023074	patient_2
18	60988237	G	A	MU69578372	patient_2
18	60988238	T	A	MU69578378	patient_2
18	60988240	G	C	MU1629528	patient_2
18	60988448	G	C	MU69578384	patient_2
18	60988488	G	A	MU69578387	patient_2
18	60988552	G	A	MU69578392	patient_2
18	61099568	G	T	MU69578393	patient_2
18	62723964	C	G	MU69578437	patient_2
18	63891054	C	T	MU69578494	patient_2
18	64597315	C	A	MU69578525	patient_2
18	64850864	G	A	MU34316678	patient_2
18	65107700	T	G	MU69578548	patient_2
18	65195219	T	G	MU69578562	patient_2
18	65208453	A	C	MU69578566	patient_2
18	65295357	T	A	MU69578568	patient_2
18	67516797	A	C	MU69578627	patient_2
18	68500020	T	G	MU69578648	patient_2
18	69033837	T	A	MU69578660	patient_2
18	69478226	C	T	MU69578694	patient_2
18	70407791	T	A	MU69578704	patient_2
18	70429704	T	A	MU69578711	patient_2
18	71265027	A	T	MU69578731	patient_2
18	71345264	A	G	MU69578734	patient_2
18	71350880	A	G	MU69578737	patient_2
18	71534884	G	C	MU69578744	patient_2
18	71562582	T	C	MU69578751	patient_2
18	71606138	G	A	MU69578754	patient_2
18	71880432	C	A	MU69578758	patient_2
18	72652800	G	A	MU69578770	patient_2
18	72804180	A	C	MU69578776	patient_2
18	72804316	T	G	MU69578780	patient_2
18	72804533	T	C	MU69578787	patient_2
18	72805712	C	G	MU69578793	patient_2
18	72807100	C	T	MU69578796	patient_2
18	72807104	T	A	MU69578799	patient_2
18	73175455	A	G	MU69578805	patient_2
18	73412852	C	A	MU69578806	patient_2
18	73787876	T	C	MU69578812	patient_2
18	73815755	A	G	MU69578815	patient_2
18	73815826	G	C	MU69578820	patient_2
18	74514059	C	T	MU69578830	patient_2
18	74801101	C	T	MU69578833	patient_2
18	75274652	C	T	MU69578839	patient_2
18	75301670	A	G	MU69578843	patient_2
18	76172108	A	T	MU69578857	patient_2
18	76573066	C	T	MU69578862	patient_2
18	77703192	T	G	MU69578867	patient_2
18	77736436	T	A	MU69578869	patient_2
18	2886264	A	T	MU67912928	patient_3
18	2886266	T	C	MU67912939	patient_3
18	2886268	A	T	MU67912953	patient_3
18	2886270	G	A	MU67912959	patient_3
18	2886370	A	G	MU67912979	patient_3
18	3154506	A	T	MU67912983	patient_3
18	3893108	C	T	MU67912994	patient_3
18	5159522	A	C	MU67912999	patient_3
18	6715220	A	T	MU67913003	patient_3
18	6981256	T	A	MU67913019	patient_3
18	7104704	G	A	MU67913037	patient_3
18	9401845	T	C	MU67913073	patient_3
18	10262650	C	A	MU67913083	patient_3
18	10477196	A	T	MU67913101	patient_3
18	11897753	C	T	MU67913124	patient_3
18	13179819	T	A	MU67913144	patient_3
18	19825975	A	G	MU67913185	patient_3
18	20250298	T	A	MU67913193	patient_3
18	21189973	G	C	MU67913197	patient_3
18	21385272	A	G	MU67913207	patient_3
18	21868324	T	C	MU67913225	patient_3
18	22332155	C	T	MU67913241	patient_3
18	23031802	T	A	MU67913247	patient_3
18	23530206	T	A	MU67913253	patient_3
18	24501574	T	G	MU67913258	patient_3
18	25057046	A	C	MU18248178	patient_3
18	26596664	A	G	MU67913300	patient_3
18	28648555	C	A	MU67913405	patient_3
18	28680174	G	A	MU67913412	patient_3
18	29298754	G	T	MU67913438	patient_3
18	32474050	C	A	MU67913486	patient_3
18	33844264	G	T	MU67913499	patient_3
18	34111706	G	T	MU67913509	patient_3
18	34211805	A	C	MU67913520	patient_3
18	35068058	C	T	MU67913524	patient_3
18	35624705	A	C	MU67913544	patient_3
18	40096105	A	C	MU67913640	patient_3
18	40671113	T	C	MU67913644	patient_3
18	41118991	T	G	MU67913653	patient_3
18	41439794	C	A	MU67913672	patient_3
18	42077240	T	A	MU67913693	patient_3
18	45053455	A	C	MU67913710	patient_3
18	47686187	G	A	MU67913726	patient_3
18	49839518	T	A	MU67913784	patient_3
18	49989794	A	G	MU67913796	patient_3
18	52608610	A	G	MU67913862	patient_3
18	52686991	G	A	MU67913867	patient_3
18	53775035	A	C	MU67913873	patient_3
18	54712574	T	A	MU67913884	patient_3
18	59006814	C	G	MU67913901	patient_3
18	59350551	G	A	MU67913916	patient_3
18	59399166	G	A	MU67913924	patient_3
18	60776327	T	A	MU67913944	patient_3
18	60806367	A	G	MU67913946	patient_3
18	60983695	T	C	MU67913947	patient_3
18	60983708	A	C	MU67913949	patient_3
18	60983711	T	C	MU67913951	patient_3
18	60983769	T	A	MU67913956	patient_3
18	60983897	T	C	MU67913970	patient_3
18	60983970	G	A	MU67913985	patient_3
18	60984081	T	A	MU67914006	patient_3
18	60984127	C	G	MU67914023	patient_3
18	60984914	A	C	MU67914031	patient_3
18	60985087	C	G	MU67914041	patient_3
18	60985207	T	G	MU67914059	patient_3
18	60985615	C	T	MU67914076	patient_3
18	60986022	T	A	MU67914080	patient_3
18	60986046	C	G	MU67914084	patient_3
18	60986305	G	A	MU67914086	patient_3
18	60986372	T	G	MU67914089	patient_3
18	60986473	T	A	MU67914091	patient_3
18	60986888	C	T	MU1466503	patient_3
18	60986935	G	T	MU67914095	patient_3
18	60986994	G	C	MU67914098	patient_3
18	60987876	A	G	MU67914107	patient_3
18	60987916	T	C	MU67914121	patient_3
18	60988032	T	C	MU67914145	patient_3
18	60988062	T	G	MU67914169	patient_3
18	60988066	C	T	MU67914182	patient_3
18	60988068	C	A	MU67914187	patient_3
18	60988070	C	G	MU67914199	patient_3
18	60988088	C	G	MU67914227	patient_3
18	60988091	T	G	MU67914233	patient_3
18	60988179	G	A	MU67914237	patient_3
18	60988197	C	T	MU67914255	patient_3
18	60988230	C	T	MU67914264	patient_3
18	60988231	T	G	MU67914270	patient_3
18	62628949	A	C	MU67914282	patient_3
18	62643946	G	A	MU67914289	patient_3
18	64457279	A	C	MU67914316	patient_3
18	66022903	A	G	MU67914370	patient_3
18	68060767	A	C	MU67914390	patient_3
18	68113113	G	C	MU67914404	patient_3
18	72656091	A	G	MU67914447	patient_3
18	72768806	C	T	MU67914450	patient_3
18	73569778	C	T	MU67914470	patient_3
18	74092171	G	A	MU67914472	patient_3
18	76195533	G	A	MU67914493	patient_3
18	1030712	G	T	MU68047452	patient_4
18	2876083	G	A	MU68047492	patient_4
18	3926834	C	A	MU68047499	patient_4
18	5534560	C	T	MU68047557	patient_4
18	5658278	A	G	MU68047568	patient_4
18	5938404	G	T	MU68047580	patient_4
18	5959155	G	A	MU68047589	patient_4
18	6115948	G	T	MU68047596	patient_4
18	6130221	C	T	MU68047603	patient_4
18	6671317	T	C	MU68047616	patient_4
18	7122662	G	T	MU68047625	patient_4
18	7929955	G	T	MU68047638	patient_4
18	9320870	G	T	MU68047657	patient_4
18	10138248	G	A	MU68047667	patient_4
18	10158701	G	A	MU68047679	patient_4
18	10410281	T	A	MU68047689	patient_4
18	11195689	C	T	MU68047696	patient_4
18	12740113	C	A	MU68047716	patient_4
18	12905141	A	T	MU68047722	patient_4
18	13832717	A	T	MU68047761	patient_4
18	15001416	T	C	MU68047774	patient_4
18	18824483	T	A	MU68047777	patient_4
18	19478874	C	A	MU68047780	patient_4
18	21091036	A	T	MU68047787	patient_4
18	21325482	G	A	MU68047805	patient_4
18	21454364	T	C	MU68047820	patient_4
18	22285576	C	A	MU68047825	patient_4
18	22438311	G	T	MU68047826	patient_4
18	22806338	C	T	MU68047829	patient_4
18	22898267	T	G	MU68047835	patient_4
18	25729603	T	C	MU68047856	patient_4
18	25730140	C	A	MU68047869	patient_4
18	26646323	C	A	MU68047900	patient_4
18	26714130	C	A	MU68047903	patient_4
18	27369598	C	G	MU68047938	patient_4
18	28546747	T	C	MU68047958	patient_4
18	28636676	G	A	MU68047968	patient_4
18	29065359	A	T	MU68047984	patient_4
18	29358068	C	T	MU68048012	patient_4
18	30350902	C	T	MU68048030	patient_4
18	33078380	G	T	MU68048112	patient_4
18	33310703	C	T	MU68048122	patient_4
18	33845815	T	A	MU68048129	patient_4
18	34072553	G	T	MU68048131	patient_4
18	35185687	C	T	MU68048152	patient_4
18	35708972	T	C	MU68048158	patient_4
18	36003312	T	C	MU68048183	patient_4
18	37617770	A	G	MU68048233	patient_4
18	37841257	C	A	MU68048244	patient_4
18	38033815	G	A	MU42824867	patient_4
18	38313982	A	T	MU68048248	patient_4
18	38447264	A	C	MU68048262	patient_4
18	39072229	G	T	MU68048299	patient_4
18	39395847	A	G	MU68048301	patient_4
18	39744421	T	G	MU68048309	patient_4
18	40098837	T	A	MU68048314	patient_4
18	41147754	T	C	MU68048340	patient_4
18	42865532	G	A	MU68048353	patient_4
18	42983904	T	C	MU68048356	patient_4
18	44242192	T	C	MU68048358	patient_4
18	44263014	A	T	MU68048364	patient_4
18	45115128	G	A	MU36562910	patient_4
18	47421814	G	T	MU68048369	patient_4
18	48184732	G	A	MU41139436	patient_4
18	49801255	C	A	MU68048408	patient_4
18	51180989	C	T	MU68048441	patient_4
18	52439657	A	G	MU68048476	patient_4
18	54856771	G	T	MU68048498	patient_4
18	54953969	G	A	MU68048512	patient_4
18	58459325	A	C	MU68048518	patient_4
18	59104190	A	T	MU68048523	patient_4
18	59236410	C	T	MU68048528	patient_4
18	59377139	G	A	MU54628039	patient_4
18	59499011	C	A	MU68048531	patient_4
18	60550069	C	T	MU68048556	patient_4
18	60823118	G	A	MU68048558	patient_4
18	60825785	A	C	MU68048573	patient_4
18	60825803	T	G	MU68048581	patient_4
18	60887981	A	C	MU68048589	patient_4
18	60917598	G	A	MU68048596	patient_4
18	60983902	T	A	MU68048603	patient_4
18	60983970	G	A	MU67913985	patient_4
18	60983991	A	T	MU68048612	patient_4
18	60984006	G	A	MU49939493	patient_4
18	60984025	A	T	MU68048617	patient_4
18	60984050	G	C	MU68048628	patient_4
18	60984056	G	T	MU68048633	patient_4
18	60984081	T	C	MU68048645	patient_4
18	60984089	C	T	MU68048659	patient_4
18	60985015	C	G	MU1415716	patient_4
18	60985075	A	C	MU68048671	patient_4
18	60985101	C	G	MU68048675	patient_4
18	60985363	C	T	MU68048685	patient_4
18	60985417	G	A	MU68048691	patient_4
18	60985717	T	C	MU68048700	patient_4
18	60985790	G	A	MU68048704	patient_4
18	60985795	C	G	MU68048720	patient_4
18	60985877	C	T	MU68048735	patient_4
18	60985900	C	T	MU68048741	patient_4
18	60986016	C	T	MU68048748	patient_4
18	60986069	T	C	MU1361724	patient_4
18	60986150	A	G	MU68048759	patient_4
18	60986153	T	G	MU67973418	patient_4
18	60986172	C	T	MU68048768	patient_4
18	60986243	A	C	MU1466459	patient_4
18	60986407	T	C	MU68048784	patient_4
18	60986420	G	C	MU1626069	patient_4
18	60986515	G	A	MU68048787	patient_4
18	60986651	G	A	MU68048798	patient_4
18	60986652	C	T	MU67973510	patient_4
18	60986917	G	A	MU68048810	patient_4
18	60986960	C	T	MU68048816	patient_4
18	60986965	C	T	MU68048820	patient_4
18	60986989	G	A	MU68048827	patient_4
18	60986994	G	A	MU68048838	patient_4
18	60987833	A	G	MU68048845	patient_4
18	60987853	G	A	MU68048854	patient_4
18	60988028	T	C	MU68048860	patient_4
18	60988035	C	T	MU67843714	patient_4
18	60988040	T	A	MU68048864	patient_4
18	60988080	G	A	MU68048872	patient_4
18	60988082	T	G	MU68048886	patient_4
18	60988401	A	G	MU68048888	patient_4
18	62733842	C	A	MU68048943	patient_4
18	64885775	C	A	MU68049045	patient_4
18	65320799	T	G	MU68049057	patient_4
18	65957792	C	A	MU68049097	patient_4
18	66629053	G	T	MU68049109	patient_4
18	67200957	T	C	MU68049128	patient_4
18	70511612	C	A	MU68049184	patient_4
18	71887673	A	T	MU68049191	patient_4
18	72208361	G	T	MU68049195	patient_4
18	72228280	C	T	MU68049206	patient_4
18	73332467	G	A	MU68049219	patient_4
18	74027584	C	T	MU68049221	patient_4
18	74031984	C	T	MU68049234	patient_4
18	74298917	T	C	MU68049255	patient_4
18	74421598	T	C	MU68049271	patient_4
18	74759286	C	T	MU68049278	patient_4
18	75871781	G	A	MU68049295	patient_4
18	76030364	T	G	MU68049342	patient_4
18	76734137	G	A	MU68049349	patient_4
18	77401980	G	T	MU68049379	patient_4
18	330436	G	A	MU68194436	patient_5
18	504388	C	T	MU68194467	patient_5
18	3905041	T	A	MU68194508	patient_5
18	4643836	T	A	MU68194513	patient_5
18	5096311	A	T	MU68194529	patient_5
18	5415775	C	T	MU68194536	patient_5
18	6510478	C	A	MU68194557	patient_5
18	6944437	G	T	MU68194564	patient_5
18	7175030	A	T	MU68194572	patient_5
18	7246999	C	T	MU68194586	patient_5
18	7653536	T	C	MU68194593	patient_5
18	7800285	A	G	MU68194596	patient_5
18	7954205	G	A	MU68194607	patient_5
18	8010645	C	T	MU68194611	patient_5
18	11243508	A	C	MU68194619	patient_5
18	12062916	T	C	MU67329989	patient_5
18	12062917	G	A	MU67329993	patient_5
18	19188323	C	T	MU68194637	patient_5
18	19849554	A	T	MU68194659	patient_5
18	21969032	T	G	MU68194673	patient_5
18	22836411	A	G	MU68194684	patient_5
18	23272859	T	C	MU68194695	patient_5
18	23383545	C	T	MU68194712	patient_5
18	28683854	G	A	MU68194755	patient_5
18	30379369	T	C	MU68194763	patient_5
18	32403749	A	G	MU68194788	patient_5
18	33597483	G	C	MU68194820	patient_5
18	34932912	C	T	MU68194834	patient_5
18	35051298	G	T	MU68194836	patient_5
18	36550436	G	A	MU68194855	patient_5
18	36550440	G	A	MU68194864	patient_5
18	37514888	A	G	MU68194927	patient_5
18	38527519	G	A	MU68194952	patient_5
18	40714693	A	T	MU68194999	patient_5
18	40750402	C	T	MU68195005	patient_5
18	42340748	C	T	MU68195050	patient_5
18	42953831	C	T	MU68195065	patient_5
18	43907482	G	A	MU68195085	patient_5
18	44222279	G	T	MU68195093	patient_5
18	45628715	G	A	MU68195106	patient_5
18	46146261	C	A	MU68195120	patient_5
18	50277208	G	A	MU68195145	patient_5
18	52591827	A	T	MU68195154	patient_5
18	52608728	A	G	MU68195158	patient_5
18	54790565	G	A	MU68195165	patient_5
18	55816293	T	G	MU68195175	patient_5
18	58379362	T	G	MU68195203	patient_5
18	58798228	G	A	MU68195223	patient_5
18	60009154	G	A	MU68195246	patient_5
18	60079078	C	G	MU68195264	patient_5
18	60109633	G	A	MU68195281	patient_5
18	60985900	C	T	MU68048741	patient_5
18	60985901	C	T	MU68195284	patient_5
18	60985905	C	T	MU1626048	patient_5
18	60986138	G	T	MU68195307	patient_5
18	60986151	A	T	MU68195312	patient_5
18	60987880	A	C	MU68195320	patient_5
18	60987913	C	G	MU68195328	patient_5
18	60987914	C	T	MU68195337	patient_5
18	60987986	T	G	MU68195347	patient_5
18	60987991	A	G	MU68195354	patient_5
18	60988035	C	T	MU67843714	patient_5
18	60988074	C	T	MU68195377	patient_5
18	60988160	C	T	MU68195383	patient_5
18	60988240	G	C	MU1629528	patient_5
18	60988259	A	G	MU68195402	patient_5
18	60988291	C	G	MU68195415	patient_5
18	62143938	T	G	MU68195424	patient_5
18	62766668	G	A	MU68195455	patient_5
18	64812412	C	G	MU68195523	patient_5
18	68082340	C	A	MU68195729	patient_5
18	70762864	A	G	MU68195747	patient_5
18	71907610	T	A	MU68195754	patient_5
18	71911987	T	C	MU68195762	patient_5
18	73421352	C	A	MU68195783	patient_5
18	74048263	G	T	MU68195788	patient_5
18	74304553	C	T	MU68195796	patient_5
18	75277833	C	T	MU6888889	patient_5
18	75390650	G	C	MU68195799	patient_5
18	3591290	A	T	MU68891162	patient_6
18	4763512	T	G	MU68891165	patient_6
18	8348548	G	T	MU68891168	patient_6
18	11050230	T	G	MU68891175	patient_6
18	13402946	C	T	MU68891182	patient_6
18	13576772	A	G	MU68891187	patient_6
18	19525908	A	G	MU68891201	patient_6
18	26485864	T	A	MU68891224	patient_6
18	27081117	T	G	MU68891238	patient_6
18	34835747	C	T	MU68891280	patient_6
18	38098924	T	G	MU68891285	patient_6
18	38456839	G	A	MU68891290	patient_6
18	39829830	A	C	MU68891298	patient_6
18	48253603	T	G	MU68891312	patient_6
18	57217711	A	G	MU68891321	patient_6
18	63438947	T	G	MU68891331	patient_6
18	69479170	A	C	MU68891347	patient_6
18	71754535	T	C	MU68891364	patient_6
18	71909673	A	G	MU67479805	patient_6
18	73247029	G	T	MU68891370	patient_6
18	73488157	C	T	MU68891374	patient_6
18	75858030	G	T	MU68891377	patient_6
18	1417243	C	A	MU69612978	patient_7
18	2170613	T	C	MU69612980	patient_7
18	3463247	G	T	MU69612996	patient_7
18	3505715	G	A	MU69612999	patient_7
18	3575308	A	T	MU69613004	patient_7
18	3707658	C	T	MU69613007	patient_7
18	4851061	A	G	MU69613016	patient_7
18	7271098	C	T	MU69613030	patient_7
18	7767525	G	C	MU69613052	patient_7
18	7846112	A	G	MU69613055	patient_7
18	8185452	C	T	MU69613057	patient_7
18	8642889	C	T	MU69613064	patient_7
18	10470643	A	C	MU69613068	patient_7
18	12913724	G	A	MU69613089	patient_7
18	13551454	G	T	MU69613097	patient_7
18	19272763	C	T	MU69613110	patient_7
18	19930240	G	A	MU69613118	patient_7
18	21434336	T	G	MU69613120	patient_7
18	21547933	C	T	MU69613130	patient_7
18	22453822	C	A	MU69613134	patient_7
18	22868433	G	A	MU69613142	patient_7
18	25166282	A	G	MU69613151	patient_7
18	25753869	A	G	MU69613156	patient_7
18	26261132	A	G	MU69613169	patient_7
18	26343863	T	A	MU69613170	patient_7
18	27087345	T	G	MU69613186	patient_7
18	27369959	C	G	MU69613197	patient_7
18	30703192	A	T	MU69613240	patient_7
18	31943544	A	C	MU69613262	patient_7
18	33467980	C	T	MU69613281	patient_7
18	35184980	A	T	MU69613297	patient_7
18	35481477	T	C	MU69613304	patient_7
18	37203974	C	T	MU69613350	patient_7
18	39903804	G	A	MU69613375	patient_7
18	43228421	C	T	MU69613390	patient_7
18	43450580	T	A	MU69613394	patient_7
18	43537418	C	T	MU69613397	patient_7
18	47051843	C	T	MU69613405	patient_7
18	48050668	G	A	MU69613409	patient_7
18	49141439	C	G	MU69613412	patient_7
18	49971292	G	T	MU69613423	patient_7
18	50208989	C	A	MU69613427	patient_7
18	50394037	C	T	MU69613433	patient_7
18	55076480	G	A	MU69613455	patient_7
18	56165658	C	T	MU69613468	patient_7
18	56663480	T	C	MU69613470	patient_7
18	57419963	G	C	MU69613476	patient_7
18	57738593	T	A	MU69613481	patient_7
18	60823025	C	G	MU69613485	patient_7
18	60873794	A	C	MU69613494	patient_7
18	60984100	C	T	MU69613496	patient_7
18	60984827	T	C	MU69613503	patient_7
18	60984877	A	T	MU69613510	patient_7
18	60984902	T	A	MU69613516	patient_7
18	60985101	C	T	MU1361864	patient_7
18	60985185	G	A	MU69613529	patient_7
18	60985435	C	T	MU69578270	patient_7
18	60985444	C	T	MU1536768	patient_7
18	60985867	G	A	MU69613534	patient_7
18	60986010	G	A	MU69613537	patient_7
18	60986011	C	A	MU69613543	patient_7
18	60986137	C	G	MU69613552	patient_7
18	60986154	A	T	MU69613556	patient_7
18	60986232	C	T	MU69613562	patient_7
18	60986241	G	A	MU69613567	patient_7
18	60986263	G	A	MU69613571	patient_7
18	60986278	G	C	MU69155434	patient_7
18	60986306	C	T	MU69613579	patient_7
18	60986417	T	A	MU69613587	patient_7
18	60986420	G	A	MU1536661	patient_7
18	60986515	G	A	MU68048787	patient_7
18	60986518	G	A	MU69613594	patient_7
18	60986651	G	A	MU68048798	patient_7
18	60986959	G	A	MU69613598	patient_7
18	60988031	C	T	MU69398817	patient_7
18	60988063	A	G	MU69613605	patient_7
18	60988070	C	G	MU67914199	patient_7
18	60988082	T	A	MU69613611	patient_7
18	60988087	G	A	MU69512392	patient_7
18	60988347	G	A	MU69613614	patient_7
18	60988348	G	A	MU69613619	patient_7
18	60988349	G	A	MU1361539	patient_7
18	60988475	C	G	MU69613622	patient_7
18	62731983	G	T	MU69613647	patient_7
18	65105498	A	C	MU69613678	patient_7
18	65303917	G	A	MU69613683	patient_7
18	65646631	G	T	MU69613693	patient_7
18	67063365	A	G	MU69613735	patient_7
18	70708380	G	A	MU69613791	patient_7
18	70970127	T	G	MU69613798	patient_7
18	71408266	C	T	MU69613814	patient_7
18	73518616	G	C	MU69613822	patient_7
18	73531668	C	A	MU69613829	patient_7
18	73745405	T	C	MU69613831	patient_7
18	74964861	C	T	MU21342645	patient_7
18	75789181	G	A	MU69613849	patient_7
18	76004447	T	C	MU69613851	patient_7
18	6197317	G	A	MU68984351	patient_8
18	6573217	G	T	MU68984352	patient_8
18	6767997	A	G	MU68984354	patient_8
18	6958908	T	A	MU68984356	patient_8
18	7080148	C	G	MU68984362	patient_8
18	7616077	G	A	MU68984368	patient_8
18	7617861	G	T	MU68984370	patient_8
18	8274380	T	A	MU68984372	patient_8
18	11033780	C	T	MU68984377	patient_8
18	11281912	A	T	MU68984381	patient_8
18	11737092	A	T	MU68984385	patient_8
18	20117156	C	A	MU68984387	patient_8
18	20687909	G	A	MU68984395	patient_8
18	23570250	G	A	MU68984400	patient_8
18	25246332	A	G	MU68984410	patient_8
18	25661403	C	G	MU68984417	patient_8
18	25737111	C	A	MU68984420	patient_8
18	26650874	T	G	MU68984439	patient_8
18	36333146	G	A	MU68984502	patient_8
18	37788356	G	A	MU68984508	patient_8
18	37788357	G	A	MU68984509	patient_8
18	37842740	T	C	MU68984514	patient_8
18	38160291	C	A	MU68984522	patient_8
18	39086965	C	T	MU68984527	patient_8
18	39292400	C	T	MU68984535	patient_8
18	39662576	T	G	MU68984541	patient_8
18	40668986	G	T	MU68984545	patient_8
18	44086892	G	A	MU68984564	patient_8
18	45805606	C	T	MU68984574	patient_8
18	47663450	T	A	MU68984576	patient_8
18	48059094	G	A	MU68984581	patient_8
18	50269882	C	A	MU68984590	patient_8
18	52502831	T	C	MU68984602	patient_8
18	60875940	C	G	MU68984614	patient_8
18	60913201	A	G	MU68984615	patient_8
18	60984391	A	G	MU68984619	patient_8
18	60984427	G	C	MU68984621	patient_8
18	60984892	G	T	MU68984623	patient_8
18	60985047	C	T	MU68984625	patient_8
18	60985097	C	T	MU68984628	patient_8
18	60985101	C	T	MU1361864	patient_8
18	60985549	G	A	MU68399644	patient_8
18	60985876	C	T	MU57393722	patient_8
18	60985982	G	A	MU68984631	patient_8
18	60986069	T	C	MU1361724	patient_8
18	60986138	G	A	MU1455729	patient_8
18	60986141	A	C	MU68984641	patient_8
18	60986152	G	C	MU68984646	patient_8
18	60986159	T	G	MU68984647	patient_8
18	60986192	G	A	MU68984648	patient_8
18	60986193	G	T	MU68984652	patient_8
18	60986205	A	C	MU68984654	patient_8
18	60986252	G	A	MU67457820	patient_8
18	60986396	A	G	MU68984655	patient_8
18	60986423	C	T	MU1626072	patient_8
18	60986471	C	A	MU68984656	patient_8
18	60986651	G	C	MU49939384	patient_8
18	60986710	T	A	MU68984657	patient_8
18	60986715	A	G	MU68984658	patient_8
18	60986960	C	G	MU68984659	patient_8
18	60986987	T	A	MU68984666	patient_8
18	60987005	G	A	MU68984670	patient_8
18	60987192	G	C	MU68984672	patient_8
18	60987993	C	T	MU68984675	patient_8
18	60987997	G	C	MU68984678	patient_8
18	60988005	G	A	MU68984681	patient_8
18	60988064	C	T	MU68497328	patient_8
18	60988150	C	G	MU68984684	patient_8
18	60988157	C	G	MU68984687	patient_8
18	60988230	C	G	MU68497352	patient_8
18	60988535	G	A	MU68984691	patient_8
18	61524856	T	C	MU68984693	patient_8
18	63894352	T	G	MU68984720	patient_8
18	64104223	A	C	MU68984722	patient_8
18	64106867	C	A	MU68984726	patient_8
18	64562402	T	G	MU68984740	patient_8
18	64846747	T	G	MU68984746	patient_8
18	64846793	A	T	MU68984747	patient_8
18	65451978	A	C	MU68984751	patient_8
18	65952541	C	T	MU68984757	patient_8
18	67515441	T	G	MU68984769	patient_8
18	71354318	A	T	MU68984786	patient_8
18	73627449	T	A	MU68984788	patient_8
18	76073889	C	T	MU68984793	patient_8
18	76252649	C	T	MU68984794	patient_8
18	76276070	G	A	MU68984795	patient_8
18	76324648	C	A	MU68984801	patient_8
18	77206176	A	G	MU68984805	patient_8
18	393040	C	A	MU69063864	patient_9
18	2937760	G	A	MU69063877	patient_9
18	5952388	C	A	MU69063889	patient_9
18	5979729	T	C	MU69063891	patient_9
18	6625355	A	C	MU69063898	patient_9
18	6927836	A	T	MU69063900	patient_9
18	6989800	C	A	MU69063902	patient_9
18	7114620	A	T	MU69063903	patient_9
18	7340621	G	A	MU69063905	patient_9
18	7869469	G	A	MU69063906	patient_9
18	8024995	C	T	MU69063908	patient_9
18	8408235	C	T	MU69063914	patient_9
18	10647474	C	G	MU69063915	patient_9
18	11188673	C	T	MU69063918	patient_9
18	11755023	G	A	MU69063921	patient_9
18	14944635	G	A	MU69063927	patient_9
18	19560359	G	A	MU64856445	patient_9
18	19622725	A	G	MU69063930	patient_9
18	19686395	C	T	MU69063932	patient_9
18	20156746	G	C	MU69063933	patient_9
18	20285684	C	T	MU69063934	patient_9
18	22802922	C	T	MU23778019	patient_9
18	22839312	C	A	MU69063941	patient_9
18	23283647	G	A	MU69063944	patient_9
18	24212915	G	T	MU69063946	patient_9
18	25054782	G	A	MU69063950	patient_9
18	25167820	A	G	MU69063951	patient_9
18	25696627	C	A	MU69063956	patient_9
18	25825015	T	C	MU69063959	patient_9
18	26170706	C	A	MU69063966	patient_9
18	28592414	A	G	MU69063994	patient_9
18	32316342	C	T	MU69064011	patient_9
18	35299911	G	A	MU69064017	patient_9
18	36846041	C	T	MU69064027	patient_9
18	36857162	C	T	MU69064029	patient_9
18	37927690	T	A	MU69064042	patient_9
18	38158717	C	A	MU69064044	patient_9
18	38350028	C	A	MU69064047	patient_9
18	38739487	G	A	MU69064057	patient_9
18	39039572	T	G	MU69064061	patient_9
18	39430050	T	G	MU69064063	patient_9
18	39444585	A	G	MU69064065	patient_9
18	39895420	C	T	MU69064069	patient_9
18	40865119	T	A	MU69064072	patient_9
18	42073526	T	C	MU69064092	patient_9
18	45313879	T	C	MU69064094	patient_9
18	45708344	C	T	MU69064095	patient_9
18	49437761	G	A	MU69064102	patient_9
18	50971722	C	A	MU69064110	patient_9
18	51365542	G	A	MU69064115	patient_9
18	53665939	C	T	MU69064123	patient_9
18	54797208	G	A	MU69064126	patient_9
18	55602643	C	T	MU69064128	patient_9
18	56003237	T	C	MU69064129	patient_9
18	56511484	C	A	MU69064134	patient_9
18	58950552	G	C	MU69064136	patient_9
18	58962614	G	A	MU69064138	patient_9
18	59398510	A	C	MU69064141	patient_9
18	59539414	G	C	MU69064143	patient_9
18	59994504	T	G	MU69064147	patient_9
18	60984948	C	T	MU69064149	patient_9
18	60985121	G	T	MU69064152	patient_9
18	60985833	G	A	MU1466392	patient_9
18	60986516	C	G	MU1455590	patient_9
18	60986744	G	A	MU68320903	patient_9
18	60986892	G	A	MU69064154	patient_9
18	60987884	G	A	MU67973587	patient_9
18	60988071	A	C	MU69064156	patient_9
18	60988075	G	A	MU69064158	patient_9
18	60988084	C	T	MU67973610	patient_9
18	60988381	A	C	MU69064161	patient_9
18	62630517	T	C	MU69064164	patient_9
18	62689834	C	A	MU69064165	patient_9
18	63603355	A	C	MU69064171	patient_9
18	64881516	C	T	MU69064179	patient_9
18	68114988	A	G	MU69064196	patient_9
18	70338388	T	C	MU69064211	patient_9
18	70465215	T	C	MU69064213	patient_9
18	70861247	C	A	MU69064217	patient_9
18	71174511	A	G	MU69064220	patient_9
18	71546592	T	A	MU69064222	patient_9
18	71651402	G	A	MU69064224	patient_9
18	71843170	C	T	MU69064226	patient_9
18	73017338	G	T	MU69064227	patient_9
18	73238501	C	T	MU69064229	patient_9
18	73327951	A	T	MU69064231	patient_9
18	73337391	T	C	MU69064232	patient_9
18	73674581	A	C	MU69064235	patient_9
18	74049473	G	A	MU69064236	patient_9
18	75947534	C	A	MU69064238	patient_9
18	77010081	A	G	MU69064240	patient_9
18	77178594	C	T	MU69064241	patient_9
18	77418442	G	C	MU69064243	patient_9
18	77678896	C	T	MU69064246	patient_9
18	133836	C	T	MU67841759	patient_10
18	502048	C	T	MU67841763	patient_10
18	3708687	A	T	MU67841817	patient_10
18	4825559	C	A	MU67841853	patient_10
18	5974863	T	C	MU67841882	patient_10
18	6544294	C	T	MU67841905	patient_10
18	6717598	G	T	MU67841912	patient_10
18	6757748	G	T	MU67841919	patient_10
18	6758523	A	G	MU67841925	patient_10
18	6762970	G	A	MU67841935	patient_10
18	6887969	C	T	MU67841948	patient_10
18	7004093	G	A	MU67841964	patient_10
18	7481036	G	T	MU67842014	patient_10
18	7481536	G	A	MU67842030	patient_10
18	7605995	G	T	MU67842034	patient_10
18	8396107	G	A	MU67842045	patient_10
18	8466869	T	C	MU67842054	patient_10
18	9636567	G	T	MU67842099	patient_10
18	9701725	G	T	MU67842115	patient_10
18	9743509	A	G	MU67842123	patient_10
18	10830618	C	G	MU67842128	patient_10
18	10837444	C	T	MU67842138	patient_10
18	11024660	C	T	MU67842150	patient_10
18	11120125	T	C	MU67842176	patient_10
18	11638362	C	A	MU381945	patient_10
18	11721200	A	C	MU67842179	patient_10
18	12254828	C	T	MU67842203	patient_10
18	13808751	T	C	MU67842233	patient_10
18	14700224	C	A	MU67842253	patient_10
18	14964407	A	C	MU67842264	patient_10
18	19727433	C	A	MU67842312	patient_10
18	20323370	A	G	MU67842344	patient_10
18	21720026	A	T	MU67842350	patient_10
18	21807385	A	C	MU67842353	patient_10
18	22051405	C	T	MU67842361	patient_10
18	22299192	C	A	MU67842378	patient_10
18	22393435	C	T	MU67842396	patient_10
18	22756648	A	C	MU67842399	patient_10
18	22819945	C	T	MU67842405	patient_10
18	23119664	T	C	MU67842413	patient_10
18	23378549	G	A	MU67842418	patient_10
18	24234203	C	A	MU67842422	patient_10
18	24482462	C	T	MU67842424	patient_10
18	24516025	G	A	MU67842427	patient_10
18	24564668	T	C	MU67842431	patient_10
18	25227494	C	G	MU67842452	patient_10
18	25553787	G	A	MU67842480	patient_10
18	25780084	A	G	MU67842483	patient_10
18	26584780	A	G	MU67842555	patient_10
18	26706437	G	T	MU67842606	patient_10
18	27662432	C	A	MU67842683	patient_10
18	27664439	T	A	MU67842689	patient_10
18	28654754	C	A	MU67842732	patient_10
18	28973833	T	A	MU67842759	patient_10
18	31299452	A	G	MU67842772	patient_10
18	31363317	T	A	MU67842781	patient_10
18	31507740	G	A	MU67842785	patient_10
18	35176055	C	T	MU67842809	patient_10
18	35518053	T	A	MU67842842	patient_10
18	35587874	G	A	MU67842869	patient_10
18	36030038	A	G	MU67842884	patient_10
18	36818366	T	G	MU67842925	patient_10
18	36877664	G	A	MU67842930	patient_10
18	36887554	G	A	MU55592952	patient_10
18	36990616	G	C	MU67842938	patient_10
18	37450726	A	G	MU67842980	patient_10
18	37950725	A	G	MU67843008	patient_10
18	38703962	A	T	MU67843031	patient_10
18	39233716	G	A	MU67843053	patient_10
18	39306670	G	A	MU67843056	patient_10
18	39881342	A	C	MU67843073	patient_10
18	39897572	A	G	MU67843085	patient_10
18	40662073	C	G	MU67843119	patient_10
18	40836633	C	G	MU67843135	patient_10
18	42067710	T	C	MU67843171	patient_10
18	43641027	C	T	MU67843188	patient_10
18	45656691	A	C	MU67843235	patient_10
18	45707638	C	T	MU67843239	patient_10
18	45883187	G	T	MU67843259	patient_10
18	46052771	T	A	MU67843270	patient_10
18	47563002	G	T	MU67843284	patient_10
18	48106028	C	T	MU67843313	patient_10
18	48557643	A	G	MU67843320	patient_10
18	50957093	C	T	MU67843407	patient_10
18	53495494	T	C	MU67843463	patient_10
18	55608648	G	A	MU67843496	patient_10
18	56364244	T	G	MU67843499	patient_10
18	58349782	C	T	MU67843557	patient_10
18	58861920	C	G	MU67843569	patient_10
18	59034487	A	G	MU67843581	patient_10
18	59479464	C	A	MU67843591	patient_10
18	60426759	T	G	MU67843596	patient_10
18	60805516	G	A	MU67843617	patient_10
18	60984920	T	C	MU67843622	patient_10
18	60984927	T	C	MU67843628	patient_10
18	60985055	T	G	MU67843632	patient_10
18	60985411	G	C	MU67843643	patient_10
18	60985834	C	T	MU1654049	patient_10
18	60985917	C	T	MU67843653	patient_10
18	60986018	T	G	MU67843657	patient_10
18	60986082	T	G	MU1489866	patient_10
18	60986234	T	A	MU67843662	patient_10
18	60986322	T	A	MU67843666	patient_10
18	60986326	C	G	MU67843673	patient_10
18	60986470	G	C	MU67843675	patient_10
18	60986727	A	G	MU67843687	patient_10
18	60987027	G	A	MU35358286	patient_10
18	60987028	G	A	MU67843699	patient_10
18	60987900	G	A	MU67843704	patient_10
18	60988035	C	T	MU67843714	patient_10
18	60988076	T	G	MU67843731	patient_10
18	60988085	C	T	MU1361615	patient_10
18	60988241	C	A	MU67843743	patient_10
18	60988268	G	A	MU67843745	patient_10
18	60988416	G	A	MU67843747	patient_10
18	60988540	T	G	MU67843752	patient_10
18	60988752	C	T	MU67843758	patient_10
18	60988825	A	C	MU67843764	patient_10
18	61615095	C	T	MU67843768	patient_10
18	62884997	C	G	MU67843802	patient_10
18	63304303	A	T	MU67843849	patient_10
18	63317248	G	T	MU67843863	patient_10
18	63888949	C	T	MU67843900	patient_10
18	64926445	C	A	MU67843994	patient_10
18	65211152	A	G	MU67844024	patient_10
18	65343786	C	T	MU67844031	patient_10
18	65397047	G	A	MU67844039	patient_10
18	65472586	A	T	MU67844048	patient_10
18	65951854	T	C	MU67844109	patient_10
18	66122803	G	C	MU67844120	patient_10
18	66591944	C	A	MU67844132	patient_10
18	66896010	C	G	MU67844156	patient_10
18	68365583	A	G	MU67844180	patient_10
18	70390075	C	T	MU67844263	patient_10
18	70407107	A	T	MU67844280	patient_10
18	71069480	C	G	MU67844309	patient_10
18	71430452	A	T	MU67844328	patient_10
18	71430862	G	A	MU67844343	patient_10
18	71601094	T	C	MU67844354	patient_10
18	71603900	C	A	MU67844373	patient_10
18	71660677	G	A	MU67844383	patient_10
18	71845051	A	G	MU53283607	patient_10
18	72148300	A	T	MU67844402	patient_10
18	73787987	A	T	MU67844432	patient_10
18	73958589	T	C	MU67844450	patient_10
18	74188818	C	T	MU67844454	patient_10
18	75451846	T	G	MU67844469	patient_10
18	75878452	A	T	MU67844475	patient_10
18	76102712	A	C	MU67844487	patient_10
18	76621806	A	G	MU67844503	patient_10
18	76648617	C	T	MU67844509	patient_10
18	76666733	G	A	MU67844524	patient_10
18	76738247	C	T	MU67844532	patient_10
18	77114042	G	T	MU67844547	patient_10
